student,worksheet,item,extracted_answer,score,max_score,confidence,needs_review
Amy,WS3,WS3_B1,,0.0,1.0,0.0,True
Amy,WS3,WS3_B2,,0.0,1.0,0.0,True
Amy,WS3,WS3_B3,,0.0,1.0,0.0,True
Amy,WS3,WS3_B4,,0.0,1.0,0.0,True
Amy,WS3,WS3_B5,,0.0,1.0,0.0,True
Amy,WS3,WS3_B6,,0.0,1.0,0.0,True
Amy,WS3,WS3_B7,,0.0,1.0,0.0,True
Amy,WS3,WS3_B8,,0.0,1.0,0.0,True
Amy,WS4,WS4_B1,,0.0,1.0,0.0,True
Amy,WS4,WS4_B2,,0.0,1.0,0.0,True
Amy,WS4,WS4_B3,,0.0,1.0,0.0,True
Amy,WS4,WS4_B4,,0.0,1.0,0.0,True
Amy,WS4,WS4_B5,,0.0,1.0,0.0,True
Amy,WS5,WS5_row1,,0.0,1.0,0.0,True
Amy,WS5,WS5_row2,,0.0,1.0,0.0,True
Amy,WS5,WS5_row3,,0.0,1.0,0.0,True
Amy,WS5,WS5_B25,,0.0,1.0,0.0,True
Amy,WS6,WS6_root_feature,,1.0,1.0,1.0,False
Amy,WS6,WS6_root_threshold,,1.0,1.0,1.0,False
Amy,WS6,WS6_inner_feature,,1.0,1.0,1.0,False
Amy,WS6,WS6_tree_validity,,1.0,1.0,1.0,False
Amy,WS7,WS7_1,(bos),0.0,1.0,,False
Amy,WS7,WS7_2,(bos),0.0,1.0,,False
Amy,WS7,WS7_3,≤ 10.7,0.0,1.0,,False
Amy,WS7,WS7_4,> 10.7,0.0,1.0,,False
Amy,WS7,WS7_5,(bos),0.0,1.0,,False
Amy,WS7,WS7_6,(bos),0.0,1.0,,False
Amy,WS7,WS7_7,(bos),0.0,1.0,,False
Amy,WS10,WS10_B1,4,1.0,1.0,0.8,False
Amy,WS10,WS10_B2,3,1.0,1.0,0.8,False
Amy,WS10,WS10_B3,2,1.0,1.0,0.8,False
Amy,WS10,WS10_B4,2,0.0,1.0,0.88,False
Amy,WS10,WS10_B5,1,0.0,1.0,0.88,False
Amy,WS10,WS10_B6,0,0.0,1.0,0.88,False
Amy,WS10,WS10_B7,0,0.0,1.0,0.88,False
Amy,WS10,WS10_B8,408,1.0,1.0,0.8,False
Bruno,WS1,WS1_B1,Etiket,0.5,1.0,0.59,True
Bruno,WS1,WS1_B2,Nesne,0.5,1.0,0.59,True
Bruno,WS1,WS1_B3,Değişken,0.5,1.0,0.59,True
Bruno,WS1,WS1_B4,Özellik,0.5,1.0,0.59,True
Bruno,WS1,WS1_B5,Nesne,0.5,1.0,0.59,True
Bruno,WS1,WS1_B6,nesne,0.5,1.0,0.59,True
Bruno,WS1,WS1_B7,değişken,0.5,1.0,0.59,True
Bruno,WS1,WS1_B8,değişken,0.5,1.0,0.59,True
Bruno,WS1,WS1_B9,Enerji - Yağ - Doymuş Yağ - Karbonhidrat - Şeker - Protein - Tuz,1.0,1.0,0.8,False
Bruno,WS1,WS1_B10,Nesne,0.5,1.0,0.59,True
Bruno,WS1,WS1_B11,etiket,0.5,1.0,0.59,True
Bruno,WS3,WS3_B1,,0.0,1.0,0.0,True
Bruno,WS3,WS3_B2,,0.0,1.0,0.0,True
Bruno,WS3,WS3_B3,,0.0,1.0,0.0,True
Bruno,WS3,WS3_B4,,0.0,1.0,0.0,True
Bruno,WS3,WS3_B5,,0.0,1.0,0.0,True
Bruno,WS3,WS3_B6,,0.0,1.0,0.0,True
Bruno,WS3,WS3_B7,,0.0,1.0,0.0,True
Bruno,WS3,WS3_B8,,0.0,1.0,0.0,True
Bruno,WS4,WS4_B1,,0.0,1.0,0.0,True
Bruno,WS4,WS4_B2,,0.0,1.0,0.0,True
Bruno,WS4,WS4_B3,,0.0,1.0,0.0,True
Bruno,WS4,WS4_B4,,0.0,1.0,0.0,True
Bruno,WS4,WS4_B5,,0.0,1.0,0.0,True
Bruno,WS5,WS5_rows,,3,,,False
Bruno,WS5,WS5_B25,Protein ≤ 2.55,1.0,1.0,,False
Bruno,WS6,WS6_root_feature,,1.0,1.0,1.0,False
Bruno,WS6,WS6_root_threshold,,1.0,1.0,1.0,False
Bruno,WS6,WS6_inner_feature,,1.0,1.0,1.0,False
Bruno,WS6,WS6_tree_validity,,0.5,1.0,0.85,False
Bruno,WS7,WS7_1,< 190.0,0.0,1.0,,False
Bruno,WS7,WS7_2,> 190.0,0.0,1.0,,False
Bruno,WS7,WS7_3,< 11.0,0.0,1.0,,False
Bruno,WS7,WS7_4,> 11.0,0.0,1.0,,False
Bruno,WS7,WS7_5,(bos),0.0,1.0,,False
Bruno,WS7,WS7_6,(bos),0.0,1.0,,False
Bruno,WS7,WS7_7,(bos),0.0,1.0,,False
Bruno,WS10,WS10_B1,4,1.0,1.0,0.8,False
Bruno,WS10,WS10_B2,3,1.0,1.0,0.8,False
Bruno,WS10,WS10_B3,2,1.0,1.0,0.8,False
Bruno,WS10,WS10_B4,3,1.0,1.0,0.8,False
Bruno,WS10,WS10_B5,2,1.0,1.0,0.8,False
Bruno,WS10,WS10_B6,1,1.0,1.0,0.8,False
Bruno,WS10,WS10_B7,2,1.0,1.0,0.8,False
Bruno,WS10,WS10_B8,408,1.0,1.0,0.8,False
Helena,WS1,WS1_B1,Etiket,0.5,1.0,0.59,True
Helena,WS1,WS1_B2,Nesne,0.5,1.0,0.59,True
Helena,WS1,WS1_B3,Karakteristik,0.5,1.0,0.59,True
Helena,WS1,WS1_B4,Değişken,0.5,1.0,0.59,True
Helena,WS1,WS1_B5,nesne,0.5,1.0,0.59,True
Helena,WS1,WS1_B6,nesne,0.5,1.0,0.59,True
Helena,WS1,WS1_B7,karakteristik,0.5,1.0,0.59,True
Helena,WS1,WS1_B8,7,0.0,1.0,0.88,False
Helena,WS1,WS1_B9,"enerji, yağ, doymuş yağ, karbonhidrat, şeker, protein, tuz",0.5,1.0,0.59,True
Helena,WS1,WS1_B10,nesne (fındıklı gofret),0.5,1.0,0.59,True
Helena,WS1,WS1_B11,etiket,0.5,1.0,0.59,True
Helena,WS3,WS3_B1,,0.0,1.0,0.0,True
Helena,WS3,WS3_B2,,0.0,1.0,0.0,True
Helena,WS3,WS3_B3,,0.0,1.0,0.0,True
Helena,WS3,WS3_B4,,0.0,1.0,0.0,True
Helena,WS3,WS3_B5,,0.0,1.0,0.0,True
Helena,WS3,WS3_B6,,0.0,1.0,0.0,True
Helena,WS3,WS3_B7,,0.0,1.0,0.0,True
Helena,WS3,WS3_B8,,0.0,1.0,0.0,True
Helena,WS4,WS4_B1,,0.0,1.0,0.0,True
Helena,WS4,WS4_B2,,0.0,1.0,0.0,True
Helena,WS4,WS4_B3,,0.0,1.0,0.0,True
Helena,WS4,WS4_B4,,0.0,1.0,0.0,True
Helena,WS4,WS4_B5,,0.0,1.0,0.0,True
Helena,WS5,WS5_rows,,3,,,False
Helena,WS5,WS5_B25,Enerji ≤ 192.0,1.0,1.0,,False
Helena,WS6,WS6_root_feature,,1.0,1.0,1.0,False
Helena,WS6,WS6_root_threshold,,1.0,1.0,1.0,False
Helena,WS6,WS6_inner_feature,,1.0,1.0,1.0,False
Helena,WS6,WS6_tree_validity,,0.5,1.0,0.85,False
Helena,WS7,WS7_1,≤ 200.0,0.0,1.0,,False
Helena,WS7,WS7_2,> 200.0,0.0,1.0,,False
Helena,WS7,WS7_3,≤ 11.0,0.0,1.0,,False
Helena,WS7,WS7_4,> 11.0,0.0,1.0,,False
Helena,WS7,WS7_5,(bos),0.0,1.0,,False
Helena,WS7,WS7_6,(bos),0.0,1.0,,False
Helena,WS7,WS7_7,(bos),0.0,1.0,,False
Helena,WS10,WS10_B1,4,1.0,1.0,0.8,False
Helena,WS10,WS10_B2,3,1.0,1.0,0.8,False
Helena,WS10,WS10_B3,2,1.0,1.0,0.8,False
Helena,WS10,WS10_B4,3,1.0,1.0,0.8,False
Helena,WS10,WS10_B5,2,1.0,1.0,0.8,False
Helena,WS10,WS10_B6,1,1.0,1.0,0.8,False
Helena,WS10,WS10_B7,2,1.0,1.0,0.8,False
Helena,WS10,WS10_B8,408 kcal,0.0,1.0,0.88,False
Iris,WS1,WS1_B1,Etiket,0.5,1.0,0.59,True
Iris,WS1,WS1_B2,nesne,0.5,1.0,0.59,True
Iris,WS1,WS1_B3,Özellik,0.5,1.0,0.59,True
Iris,WS1,WS1_B4,değişken,0.5,1.0,0.59,True
Iris,WS1,WS1_B5,etiket,0.5,1.0,0.59,True
Iris,WS1,WS1_B6,nesne,0.5,1.0,0.59,True
Iris,WS1,WS1_B7,değişkenler,0.5,1.0,0.59,True
Iris,WS1,WS1_B8,7,0.0,1.0,0.88,False
Iris,WS1,WS1_B9,"Fındıklı gofret 542 kcal enerji içermektedir.
Fındıklı gofret 7,6 g protein içermektedir.",0.5,1.0,0.59,True
Iris,WS1,WS1_B10,fındıklı gofret,0.0,1.0,0.88,False
Iris,WS1,WS1_B11,etiket,0.5,1.0,0.59,True
Iris,WS3,WS3_B1,,0.0,1.0,0.0,True
Iris,WS3,WS3_B2,,0.0,1.0,0.0,True
Iris,WS3,WS3_B3,,0.0,1.0,0.0,True
Iris,WS3,WS3_B4,,0.0,1.0,0.0,True
Iris,WS3,WS3_B5,,0.0,1.0,0.0,True
Iris,WS3,WS3_B6,,0.0,1.0,0.0,True
Iris,WS3,WS3_B7,,0.0,1.0,0.0,True
Iris,WS3,WS3_B8,,0.0,1.0,0.0,True
Iris,WS4,WS4_B1,,0.0,1.0,0.0,True
Iris,WS4,WS4_B2,,0.0,1.0,0.0,True
Iris,WS4,WS4_B3,,0.0,1.0,0.0,True
Iris,WS4,WS4_B4,,0.0,1.0,0.0,True
Iris,WS4,WS4_B5,,0.0,1.0,0.0,True
Iris,WS5,WS5_rows,,3,,,False
Iris,WS5,WS5_B25,Şeker < 30.0,1.0,1.0,,False
Iris,WS6,WS6_root_feature,,1.0,1.0,1.0,False
Iris,WS6,WS6_root_threshold,,0.5,1.0,0.85,True
Iris,WS6,WS6_inner_feature,,1.0,1.0,1.0,False
Iris,WS6,WS6_tree_validity,,0.5,1.0,0.85,False
Iris,WS7,WS7_1,< 180.0,1.0,1.0,,False
Iris,WS7,WS7_2,> 180.0,1.0,1.0,,False
Iris,WS7,WS7_3,< 11.0,0.0,1.0,,False
Iris,WS7,WS7_4,> 11.0,0.0,1.0,,False
Iris,WS7,WS7_5,(bos),0.0,1.0,,False
Iris,WS7,WS7_6,(bos),0.0,1.0,,False
Iris,WS7,WS7_7,(bos),0.0,1.0,,False
Iris,WS10,WS10_B1,4,1.0,1.0,0.8,False
Iris,WS10,WS10_B2,3,1.0,1.0,0.8,False
Iris,WS10,WS10_B3,2,1.0,1.0,0.8,False
Iris,WS10,WS10_B4,3,1.0,1.0,0.8,False
Iris,WS10,WS10_B5,2,1.0,1.0,0.8,False
Iris,WS10,WS10_B6,1,1.0,1.0,0.8,False
Iris,WS10,WS10_B7,2,1.0,1.0,0.8,False
Iris,WS10,WS10_B8,408,1.0,1.0,0.8,False
Irma,WS1,WS1_B1,Etiket,0.5,1.0,0.59,True
Irma,WS1,WS1_B2,Nesne - Özellik,0.5,1.0,0.59,True
Irma,WS1,WS1_B3,Değişken,0.5,1.0,0.59,True
Irma,WS1,WS1_B4,Özellik,0.5,1.0,0.59,True
Irma,WS1,WS1_B5,Nesne,0.5,1.0,0.59,True
Irma,WS1,WS1_B6,Nesne,0.5,1.0,0.59,True
Irma,WS1,WS1_B7,değişkenler,0.5,1.0,0.59,True
Irma,WS1,WS1_B8,Karakteristik,0.5,1.0,0.59,True
Irma,WS1,WS1_B9,"Doymuş yağ, Karbonhidrat, Şeker, Protein, Tuz",0.5,1.0,0.59,True
Irma,WS1,WS1_B10,Fındıklı Gofret,0.0,1.0,0.88,False
Irma,WS1,WS1_B11,Etiket,0.5,1.0,0.59,True
Irma,WS3,WS3_B1,,0.0,1.0,0.0,True
Irma,WS3,WS3_B2,,0.0,1.0,0.0,True
Irma,WS3,WS3_B3,,0.0,1.0,0.0,True
Irma,WS3,WS3_B4,,0.0,1.0,0.0,True
Irma,WS3,WS3_B5,,0.0,1.0,0.0,True
Irma,WS3,WS3_B6,,0.0,1.0,0.0,True
Irma,WS3,WS3_B7,,0.0,1.0,0.0,True
Irma,WS3,WS3_B8,,0.0,1.0,0.0,True
Irma,WS4,WS4_B1,,0.0,1.0,0.0,True
Irma,WS4,WS4_B2,,0.0,1.0,0.0,True
Irma,WS4,WS4_B3,,0.0,1.0,0.0,True
Irma,WS4,WS4_B4,,0.0,1.0,0.0,True
Irma,WS4,WS4_B5,,0.0,1.0,0.0,True
Irma,WS5,WS5_rows,,2,,,False
Irma,WS5,WS5_B25,Şeker ≤ 30.0,1.0,1.0,,False
Irma,WS6,WS6_root_feature,,1.0,1.0,1.0,False
Irma,WS6,WS6_root_threshold,,1.0,1.0,1.0,False
Irma,WS6,WS6_inner_feature,,1.0,1.0,1.0,False
Irma,WS6,WS6_tree_validity,,0.5,1.0,0.85,False
Irma,WS7,WS7_1,≤ 180.0,0.5,1.0,,False
Irma,WS7,WS7_2,≥ 180.0,0.5,1.0,,False
Irma,WS7,WS7_3,≤ 11.1,0.0,1.0,,False
Irma,WS7,WS7_4,≥ 11.0,0.0,1.0,,False
Irma,WS7,WS7_5,(bos),0.0,1.0,,False
Irma,WS7,WS7_6,(bos),0.0,1.0,,False
Irma,WS7,WS7_7,(bos),0.0,1.0,,False
Irma,WS10,WS10_B1,4,1.0,1.0,0.8,False
Irma,WS10,WS10_B2,3,1.0,1.0,0.8,False
Irma,WS10,WS10_B3,2,1.0,1.0,0.8,False
Irma,WS10,WS10_B4,3,1.0,1.0,0.8,False
Irma,WS10,WS10_B5,2,1.0,1.0,0.8,False
Irma,WS10,WS10_B6,1,1.0,1.0,0.8,False
Irma,WS10,WS10_B7,2,1.0,1.0,0.8,False
Irma,WS10,WS10_B8,400,0.0,1.0,0.88,False
Isabel,WS1,WS1_B1,Etiket,0.5,1.0,0.59,True
Isabel,WS1,WS1_B2,Nesne,0.5,1.0,0.59,True
Isabel,WS1,WS1_B3,Özellik,0.5,1.0,0.59,True
Isabel,WS1,WS1_B4,Değişken,0.5,1.0,0.59,True
Isabel,WS1,WS1_B5,nesne,0.0,1.0,0.88,False
Isabel,WS1,WS1_B6,nesne,0.5,1.0,0.59,True
Isabel,WS1,WS1_B7,besin değerleri,0.5,1.0,0.59,True
Isabel,WS1,WS1_B8,7,0.0,1.0,0.88,False
Isabel,WS1,WS1_B9,"Enerji yağ, Doymuş yağ, Karbonhidrat, Şeker, Protein, Tuz",0.5,1.0,0.59,True
Isabel,WS1,WS1_B10,fındıklı gofret,0.0,1.0,0.88,False
Isabel,WS1,WS1_B11,nesne,0.5,1.0,0.59,True
Isabel,WS3,WS3_B1,,0.0,1.0,0.0,True
Isabel,WS3,WS3_B2,,0.0,1.0,0.0,True
Isabel,WS3,WS3_B3,,0.0,1.0,0.0,True
Isabel,WS3,WS3_B4,,0.0,1.0,0.0,True
Isabel,WS3,WS3_B5,,0.0,1.0,0.0,True
Isabel,WS3,WS3_B6,,0.0,1.0,0.0,True
Isabel,WS3,WS3_B7,,0.0,1.0,0.0,True
Isabel,WS3,WS3_B8,,0.0,1.0,0.0,True
Isabel,WS4,WS4_B1,,0.0,1.0,0.0,True
Isabel,WS4,WS4_B2,,0.0,1.0,0.0,True
Isabel,WS4,WS4_B3,,0.0,1.0,0.0,True
Isabel,WS4,WS4_B4,,0.0,1.0,0.0,True
Isabel,WS4,WS4_B5,,0.0,1.0,0.0,True
Isabel,WS5,WS5_rows,,3,,,False
Isabel,WS5,WS5_B25,Yağ < 13.5,1.0,1.0,,False
Isabel,WS6,WS6_root_feature,,1.0,1.0,1.0,False
Isabel,WS6,WS6_root_threshold,,1.0,1.0,1.0,False
Isabel,WS6,WS6_inner_feature,,1.0,1.0,1.0,False
Isabel,WS6,WS6_tree_validity,,0.5,1.0,0.85,False
Isabel,WS7,WS7_1,≤ 180.0,0.5,1.0,,False
Isabel,WS7,WS7_2,> 180.0,1.0,1.0,,False
Isabel,WS7,WS7_3,(bos),0.0,1.0,,False
Isabel,WS7,WS7_4,(bos),0.0,1.0,,False
Isabel,WS7,WS7_5,(bos),0.0,1.0,,False
Isabel,WS7,WS7_6,(bos),0.0,1.0,,False
Isabel,WS7,WS7_7,(bos),0.0,1.0,,False
Isabel,WS10,WS10_B1,4,1.0,1.0,0.8,False
Isabel,WS10,WS10_B2,3,1.0,1.0,0.8,False
Isabel,WS10,WS10_B3,2,1.0,1.0,0.8,False
Isabel,WS10,WS10_B4,(okunamiyor),0.0,1.0,0.0,True
Isabel,WS10,WS10_B5,1,0.0,1.0,0.88,False
Isabel,WS10,WS10_B6,0,0.0,1.0,0.88,False
Isabel,WS10,WS10_B7,0,0.0,1.0,0.88,False
Isabel,WS10,WS10_B8,(bos),0.0,1.0,0.0,True
Marco,WS3,WS3_B1,,0.0,1.0,0.0,True
Marco,WS3,WS3_B2,,0.0,1.0,0.0,True
Marco,WS3,WS3_B3,,0.0,1.0,0.0,True
Marco,WS3,WS3_B4,,0.0,1.0,0.0,True
Marco,WS3,WS3_B5,,0.0,1.0,0.0,True
Marco,WS3,WS3_B6,,0.0,1.0,0.0,True
Marco,WS3,WS3_B7,,0.0,1.0,0.0,True
Marco,WS3,WS3_B8,,0.0,1.0,0.0,True
Marco,WS4,WS4_B1,,0.0,1.0,0.0,True
Marco,WS4,WS4_B2,,0.0,1.0,0.0,True
Marco,WS4,WS4_B3,,0.0,1.0,0.0,True
Marco,WS4,WS4_B4,,0.0,1.0,0.0,True
Marco,WS4,WS4_B5,,0.0,1.0,0.0,True
Marco,WS5,WS5_row1,,0.0,1.0,0.0,True
Marco,WS5,WS5_row2,,0.0,1.0,0.0,True
Marco,WS5,WS5_row3,,0.0,1.0,0.0,True
Marco,WS5,WS5_B25,,0.0,1.0,0.0,True
Marco,WS6,WS6_root_feature,,1.0,1.0,1.0,False
Marco,WS6,WS6_root_threshold,,0.0,1.0,0.85,False
Marco,WS6,WS6_inner_feature,,0.0,1.0,0.85,False
Marco,WS6,WS6_tree_validity,,0.0,1.0,0.85,False
Marco,WS7,WS7_1,≤ 220.0,0.0,1.0,,False
Marco,WS7,WS7_2,> 780.0,0.0,1.0,,False
Marco,WS7,WS7_3,(bos),0.0,1.0,,False
Marco,WS7,WS7_4,(bos),0.0,1.0,,False
Marco,WS7,WS7_5,(bos),0.0,1.0,,False
Marco,WS7,WS7_6,(bos),0.0,1.0,,False
Marco,WS7,WS7_7,(bos),0.0,1.0,,False
Marco,WS10,WS10_B1,4,1.0,1.0,0.8,False
Marco,WS10,WS10_B2,3,1.0,1.0,0.8,False
Marco,WS10,WS10_B3,2,1.0,1.0,0.8,False
Marco,WS10,WS10_B4,3,1.0,1.0,0.8,False
Marco,WS10,WS10_B5,2,1.0,1.0,0.8,False
Marco,WS10,WS10_B6,1,1.0,1.0,0.8,False
Marco,WS10,WS10_B7,2,1.0,1.0,0.8,False
Marco,WS10,WS10_B8,408,1.0,1.0,0.8,False
Marcus,WS1,WS1_B1,Etiket,0.5,1.0,0.59,True
Marcus,WS1,WS1_B2,Nesne,0.5,1.0,0.59,True
Marcus,WS1,WS1_B3,Özellik,0.5,1.0,0.59,True
Marcus,WS1,WS1_B4,Değişken,0.5,1.0,0.59,True
Marcus,WS1,WS1_B5,Değişken,0.5,1.0,0.59,True
Marcus,WS1,WS1_B6,Nesne,0.0,1.0,0.88,False
Marcus,WS1,WS1_B7,Nesne,0.5,1.0,0.59,True
Marcus,WS1,WS1_B8,Karakteristik,0.5,1.0,0.59,True
Marcus,WS1,WS1_B9,"Enerji, yağ, şeker, tuz, karbonhidrat",0.5,1.0,0.59,True
Marcus,WS1,WS1_B10,Değişken,0.5,1.0,0.59,True
Marcus,WS1,WS1_B11,Etiket,0.5,1.0,0.59,True
Marcus,WS3,WS3_B1,,0.0,1.0,0.0,True
Marcus,WS3,WS3_B2,,0.0,1.0,0.0,True
Marcus,WS3,WS3_B3,,0.0,1.0,0.0,True
Marcus,WS3,WS3_B4,,0.0,1.0,0.0,True
Marcus,WS3,WS3_B5,,0.0,1.0,0.0,True
Marcus,WS3,WS3_B6,,0.0,1.0,0.0,True
Marcus,WS3,WS3_B7,,0.0,1.0,0.0,True
Marcus,WS3,WS3_B8,,0.0,1.0,0.0,True
Marcus,WS4,WS4_B1,,0.0,1.0,0.0,True
Marcus,WS4,WS4_B2,,0.0,1.0,0.0,True
Marcus,WS4,WS4_B3,,0.0,1.0,0.0,True
Marcus,WS4,WS4_B4,,0.0,1.0,0.0,True
Marcus,WS4,WS4_B5,,0.0,1.0,0.0,True
Marcus,WS5,WS5_rows,,3,,,False
Marcus,WS5,WS5_B25,yağ ≤ 13.5,1.0,1.0,,False
Marcus,WS6,WS6_root_feature,,1.0,1.0,1.0,False
Marcus,WS6,WS6_root_threshold,,0.5,1.0,0.85,True
Marcus,WS6,WS6_inner_feature,,1.0,1.0,1.0,False
Marcus,WS6,WS6_tree_validity,,0.5,1.0,0.85,False
Marcus,WS7,WS7_1,< 220.0,0.0,1.0,,False
Marcus,WS7,WS7_2,> 220.0,0.0,1.0,,False
Marcus,WS7,WS7_3,< 11.0,0.0,1.0,,False
Marcus,WS7,WS7_4,> 11.0,0.0,1.0,,False
Marcus,WS7,WS7_5,(bos),0.0,1.0,,False
Marcus,WS7,WS7_6,(bos),0.0,1.0,,False
Marcus,WS7,WS7_7,(bos),0.0,1.0,,False
Marcus,WS10,WS10_B1,4,1.0,1.0,0.8,False
Marcus,WS10,WS10_B2,3,1.0,1.0,0.8,False
Marcus,WS10,WS10_B3,2,1.0,1.0,0.8,False
Marcus,WS10,WS10_B4,3,1.0,1.0,0.8,False
Marcus,WS10,WS10_B5,2,1.0,1.0,0.8,False
Marcus,WS10,WS10_B6,1,1.0,1.0,0.8,False
Marcus,WS10,WS10_B7,2,1.0,1.0,0.8,False
Marcus,WS10,WS10_B8,408,1.0,1.0,0.8,False
Melinda,WS1,WS1_B1,etiket,0.5,1.0,0.59,True
Melinda,WS1,WS1_B2,nesne,0.5,1.0,0.59,True
Melinda,WS1,WS1_B3,özellik,0.5,1.0,0.59,True
Melinda,WS1,WS1_B4,değişken,0.5,1.0,0.59,True
Melinda,WS1,WS1_B5,nesne,0.5,1.0,0.59,True
Melinda,WS1,WS1_B6,nesne,0.5,1.0,0.59,True
Melinda,WS1,WS1_B7,özellik,0.5,1.0,0.59,True
Melinda,WS1,WS1_B8,karakteristik,0.5,1.0,0.59,True
Melinda,WS1,WS1_B9,"Doymuş yağ 18,6gr, karbonhidrat 54gr, şeker 42,6gr, protein 7,6gr, tuz 0,4gr.",0.5,1.0,0.59,True
Melinda,WS1,WS1_B10,fındıklı gofret,0.0,1.0,0.88,False
Melinda,WS1,WS1_B11,etiket,0.5,1.0,0.59,True
Nadia,WS1,WS1_B1,Etiket,0.5,1.0,0.59,True
Nadia,WS1,WS1_B2,Nesne,0.5,1.0,0.59,True
Nadia,WS1,WS1_B3,özellik,0.5,1.0,0.59,True
Nadia,WS1,WS1_B4,özellik,0.5,1.0,0.59,True
Nadia,WS1,WS1_B5,nesne,0.5,1.0,0.59,True
Nadia,WS1,WS1_B6,nesne,0.5,1.0,0.59,True
Nadia,WS1,WS1_B7,özellik,0.5,1.0,0.59,True
Nadia,WS1,WS1_B8,karakteristik,0.0,1.0,0.88,False
Nadia,WS1,WS1_B9,"Enerji, Yağ, Doymuş Yağ, Karbonhidrat, Şeker, Protein, Tuz.",0.5,1.0,0.59,True
Nadia,WS1,WS1_B10,nesne,0.5,1.0,0.59,True
Nadia,WS1,WS1_B11,etiket,0.5,1.0,0.59,True
Nadia,WS3,WS3_B1,,0.0,1.0,0.0,True
Nadia,WS3,WS3_B2,,0.0,1.0,0.0,True
Nadia,WS3,WS3_B3,,0.0,1.0,0.0,True
Nadia,WS3,WS3_B4,,0.0,1.0,0.0,True
Nadia,WS3,WS3_B5,,0.0,1.0,0.0,True
Nadia,WS3,WS3_B6,,0.0,1.0,0.0,True
Nadia,WS3,WS3_B7,,0.0,1.0,0.0,True
Nadia,WS3,WS3_B8,,0.0,1.0,0.0,True
Nadia,WS4,WS4_B1,,0.0,1.0,0.0,True
Nadia,WS4,WS4_B2,,0.0,1.0,0.0,True
Nadia,WS4,WS4_B3,,0.0,1.0,0.0,True
Nadia,WS4,WS4_B4,,0.0,1.0,0.0,True
Nadia,WS4,WS4_B5,,0.0,1.0,0.0,True
Nadia,WS5,WS5_rows,,3,,,False
Nadia,WS5,WS5_B25,şeker ≤ 29.0,1.0,1.0,,False
Nadia,WS6,WS6_root_feature,,1.0,1.0,1.0,False
Nadia,WS6,WS6_root_threshold,,1.0,1.0,1.0,False
Nadia,WS6,WS6_inner_feature,,1.0,1.0,1.0,False
Nadia,WS6,WS6_tree_validity,,0.5,1.0,0.85,False
Nadia,WS7,WS7_1,≤ 180.0,0.5,1.0,,False
Nadia,WS7,WS7_2,> 180.0,1.0,1.0,,False
Nadia,WS7,WS7_3,≤ 11.0,0.0,1.0,,False
Nadia,WS7,WS7_4,> 11.0,0.0,1.0,,False
Nadia,WS7,WS7_5,(bos),0.0,1.0,,False
Nadia,WS7,WS7_6,(bos),0.0,1.0,,False
Nadia,WS7,WS7_7,(bos),0.0,1.0,,False
Nadia,WS10,WS10_B1,4,1.0,1.0,0.8,False
Nadia,WS10,WS10_B2,3,1.0,1.0,0.8,False
Nadia,WS10,WS10_B3,2,1.0,1.0,0.8,False
Nadia,WS10,WS10_B4,3,1.0,1.0,0.8,False
Nadia,WS10,WS10_B5,2,1.0,1.0,0.8,False
Nadia,WS10,WS10_B6,1,1.0,1.0,0.8,False
Nadia,WS10,WS10_B7,2,1.0,1.0,0.8,False
Nadia,WS10,WS10_B8,408,1.0,1.0,0.8,False
Serena,WS1,WS1_B1,Etiket,0.5,1.0,0.59,True
Serena,WS1,WS1_B2,Nesne,0.5,1.0,0.59,True
Serena,WS1,WS1_B3,Özellik,0.5,1.0,0.59,True
Serena,WS1,WS1_B4,Değişken,0.5,1.0,0.59,True
Serena,WS1,WS1_B5,Nesne,0.5,1.0,0.59,True
Serena,WS1,WS1_B6,Nesne,0.5,1.0,0.59,True
Serena,WS1,WS1_B7,Değişkenler,0.5,1.0,0.59,True
Serena,WS1,WS1_B8,Değişken,0.5,1.0,0.59,True
Serena,WS1,WS1_B9,"Enerji, Yağ, Doymuş yağ, karbonhidrat, Şeker, Protein, Tuz",0.5,1.0,0.59,True
Serena,WS1,WS1_B10,Fındıklı Gofret,0.0,1.0,0.88,False
Serena,WS1,WS1_B11,Etiket,0.5,1.0,0.59,True
Shana,WS1,WS1_B1,Etiket,0.5,1.0,0.59,True
Shana,WS1,WS1_B2,Nesne,0.5,1.0,0.59,True
Shana,WS1,WS1_B3,Özellik,0.5,1.0,0.59,True
Shana,WS1,WS1_B4,Değişken,0.5,1.0,0.59,True
Shana,WS1,WS1_B5,Nesne,0.5,1.0,0.59,True
Shana,WS1,WS1_B6,nesne,0.5,1.0,0.59,True
Shana,WS1,WS1_B7,değişken,0.5,1.0,0.59,True
Shana,WS1,WS1_B8,(bos),0.0,1.0,0.0,True
Shana,WS1,WS1_B9,"enerji, yağ, doymuş yağ, karbonhidrat, şeker, protein, tuz",0.5,1.0,0.59,True
Shana,WS1,WS1_B10,nesne,0.5,1.0,0.59,True
Shana,WS1,WS1_B11,etiket,0.5,1.0,0.59,True
Shana,WS3,WS3_B1,,0.0,1.0,0.0,True
Shana,WS3,WS3_B2,,0.0,1.0,0.0,True
Shana,WS3,WS3_B3,,0.0,1.0,0.0,True
Shana,WS3,WS3_B4,,0.0,1.0,0.0,True
Shana,WS3,WS3_B5,,0.0,1.0,0.0,True
Shana,WS3,WS3_B6,,0.0,1.0,0.0,True
Shana,WS3,WS3_B7,,0.0,1.0,0.0,True
Shana,WS3,WS3_B8,,0.0,1.0,0.0,True
Shana,WS4,WS4_B1,,0.0,1.0,0.0,True
Shana,WS4,WS4_B2,,0.0,1.0,0.0,True
Shana,WS4,WS4_B3,,0.0,1.0,0.0,True
Shana,WS4,WS4_B4,,0.0,1.0,0.0,True
Shana,WS4,WS4_B5,,0.0,1.0,0.0,True
Shana,WS5,WS5_rows,,3,,,False
Shana,WS5,WS5_B25,karbonhidrat < 25.0,1.0,1.0,,False
Shana,WS6,WS6_root_feature,,1.0,1.0,1.0,False
Shana,WS6,WS6_root_threshold,,0.5,1.0,0.85,True
Shana,WS6,WS6_inner_feature,,1.0,1.0,1.0,False
Shana,WS6,WS6_tree_validity,,0.5,1.0,0.85,False
Shana,WS7,WS7_1,< 200.0,0.0,1.0,,False
Shana,WS7,WS7_2,≥ 200.0,0.0,1.0,,False
Shana,WS7,WS7_3,< 11.0,0.0,1.0,,False
Shana,WS7,WS7_4,≥ 11.0,0.0,1.0,,False
Shana,WS7,WS7_5,(bos),0.0,1.0,,False
Shana,WS7,WS7_6,(bos),0.0,1.0,,False
Shana,WS7,WS7_7,(bos),0.0,1.0,,False
Shana,WS10,WS10_B1,4,1.0,1.0,0.8,False
Shana,WS10,WS10_B2,3,1.0,1.0,0.8,False
Shana,WS10,WS10_B3,2,1.0,1.0,0.8,False
Shana,WS10,WS10_B4,3,1.0,1.0,0.8,False
Shana,WS10,WS10_B5,2,1.0,1.0,0.8,False
Shana,WS10,WS10_B6,1,1.0,1.0,0.8,False
Shana,WS10,WS10_B7,2,1.0,1.0,0.8,False
Shana,WS10,WS10_B8,408,1.0,1.0,0.8,False
Sheila,WS1,WS1_B1,Etiket,0.5,1.0,0.59,True
Sheila,WS1,WS1_B2,Nesne,0.5,1.0,0.59,True
Sheila,WS1,WS1_B3,Etiket,0.5,1.0,0.59,True
Sheila,WS1,WS1_B4,Özellik,0.5,1.0,0.59,True
Sheila,WS1,WS1_B5,nesne,0.5,1.0,0.59,True
Sheila,WS1,WS1_B6,nesne,0.5,1.0,0.59,True
Sheila,WS1,WS1_B7,değişken,0.5,1.0,0.59,True
Sheila,WS1,WS1_B8,karakteristik,0.5,1.0,0.59,True
Sheila,WS1,WS1_B9,"Enerji, yağ, Doymuş yağ, Karbonhidrat, Şeker, Protein, Tuz",0.5,1.0,0.59,True
Sheila,WS1,WS1_B10,fındıklı gofret,0.0,1.0,0.88,False
Sheila,WS1,WS1_B11,etiket,0.5,1.0,0.59,True
Sheila,WS3,WS3_B1,,0.0,1.0,0.0,True
Sheila,WS3,WS3_B2,,0.0,1.0,0.0,True
Sheila,WS3,WS3_B3,,0.0,1.0,0.0,True
Sheila,WS3,WS3_B4,,0.0,1.0,0.0,True
Sheila,WS3,WS3_B5,,0.0,1.0,0.0,True
Sheila,WS3,WS3_B6,,0.0,1.0,0.0,True
Sheila,WS3,WS3_B7,,0.0,1.0,0.0,True
Sheila,WS3,WS3_B8,,0.0,1.0,0.0,True
Sheila,WS4,WS4_B1,,0.0,1.0,0.0,True
Sheila,WS4,WS4_B2,,0.0,1.0,0.0,True
Sheila,WS4,WS4_B3,,0.0,1.0,0.0,True
Sheila,WS4,WS4_B4,,0.0,1.0,0.0,True
Sheila,WS4,WS4_B5,,0.0,1.0,0.0,True
Sheila,WS5,WS5_rows,,0,,,False
Sheila,WS5,WS5_B25,eski bilgilerime göre daha değer sonuç verdiğini düşünüyorum,0.0,1.0,,False
Sheila,WS6,WS6_root_feature,,1.0,1.0,1.0,False
Sheila,WS6,WS6_root_threshold,,1.0,1.0,1.0,False
Sheila,WS6,WS6_inner_feature,,1.0,1.0,1.0,False
Sheila,WS6,WS6_tree_validity,,0.5,1.0,0.85,False
Sheila,WS7,WS7_1,< 180.0,1.0,1.0,,False
Sheila,WS7,WS7_2,≥ 180.0,0.5,1.0,,False
Sheila,WS7,WS7_3,≤ 7.7,0.5,1.0,,False
Sheila,WS7,WS7_4,> 7.7,1.0,1.0,,False
Sheila,WS7,WS7_5,(bos),0.0,1.0,,False
Sheila,WS7,WS7_6,(bos),0.0,1.0,,False
Sheila,WS7,WS7_7,(bos),0.0,1.0,,False
Sheila,WS10,WS10_B1,4,1.0,1.0,0.8,False
Sheila,WS10,WS10_B2,3,1.0,1.0,0.8,False
Sheila,WS10,WS10_B3,2,1.0,1.0,0.8,False
Sheila,WS10,WS10_B4,3,1.0,1.0,0.8,False
Sheila,WS10,WS10_B5,2,1.0,1.0,0.8,False
Sheila,WS10,WS10_B6,1,1.0,1.0,0.8,False
Sheila,WS10,WS10_B7,2,1.0,1.0,0.8,False
Sheila,WS10,WS10_B8,(bos),0.0,1.0,0.0,True
Ulysses,WS1,WS1_B1,Etiket,0.5,1.0,0.59,True
Ulysses,WS1,WS1_B2,Nesne,0.5,1.0,0.59,True
Ulysses,WS1,WS1_B3,Etiket,0.5,1.0,0.59,True
Ulysses,WS1,WS1_B4,Değişken,0.5,1.0,0.59,True
Ulysses,WS1,WS1_B5,nesne,0.5,1.0,0.59,True
Ulysses,WS1,WS1_B6,nesne,0.5,1.0,0.59,True
Ulysses,WS1,WS1_B7,değişkenler,0.5,1.0,0.59,True
Ulysses,WS1,WS1_B8,değişken,0.5,1.0,0.59,True
Ulysses,WS1,WS1_B9,(bos),0.0,1.0,0.0,True
Ulysses,WS1,WS1_B10,nesne,0.5,1.0,0.59,True
Ulysses,WS1,WS1_B11,nesne,0.5,1.0,0.59,True
Ulysses,WS3,WS3_B1,,0.0,1.0,0.0,True
Ulysses,WS3,WS3_B2,,0.0,1.0,0.0,True
Ulysses,WS3,WS3_B3,,0.0,1.0,0.0,True
Ulysses,WS3,WS3_B4,,0.0,1.0,0.0,True
Ulysses,WS3,WS3_B5,,0.0,1.0,0.0,True
Ulysses,WS3,WS3_B6,,0.0,1.0,0.0,True
Ulysses,WS3,WS3_B7,,0.0,1.0,0.0,True
Ulysses,WS3,WS3_B8,,0.0,1.0,0.0,True
Ulysses,WS4,WS4_B1,,0.0,1.0,0.0,True
Ulysses,WS4,WS4_B2,,0.0,1.0,0.0,True
Ulysses,WS4,WS4_B3,,0.0,1.0,0.0,True
Ulysses,WS4,WS4_B4,,0.0,1.0,0.0,True
Ulysses,WS4,WS4_B5,,0.0,1.0,0.0,True
Ulysses,WS5,WS5_rows,,2,,,False
Ulysses,WS5,WS5_B25,protein ≤ 2.0,0.5,1.0,,False
Ulysses,WS6,WS6_root_feature,,1.0,1.0,1.0,False
Ulysses,WS6,WS6_root_threshold,,0.5,1.0,0.85,True
Ulysses,WS6,WS6_inner_feature,,1.0,1.0,1.0,False
Ulysses,WS6,WS6_tree_validity,,0.0,1.0,0.85,False
Ulysses,WS7,WS7_1,< 160.0,0.0,1.0,,False
Ulysses,WS7,WS7_2,> 160.0,0.0,1.0,,False
Ulysses,WS7,WS7_3,< 7.0,1.0,1.0,,False
Ulysses,WS7,WS7_4,> 7.0,1.0,1.0,,False
Ulysses,WS7,WS7_5,(bos),0.0,1.0,,False
Ulysses,WS7,WS7_6,(bos),0.0,1.0,,False
Ulysses,WS7,WS7_7,(bos),0.0,1.0,,False
Ulysses,WS10,WS10_B1,4,1.0,1.0,0.8,False
Ulysses,WS10,WS10_B2,3,1.0,1.0,0.8,False
Ulysses,WS10,WS10_B3,2,1.0,1.0,0.8,False
Ulysses,WS10,WS10_B4,3,1.0,1.0,0.8,False
Ulysses,WS10,WS10_B5,2,1.0,1.0,0.8,False
Ulysses,WS10,WS10_B6,1,1.0,1.0,0.8,False
Ulysses,WS10,WS10_B7,2,1.0,1.0,0.8,False
Ulysses,WS10,WS10_B8,408,1.0,1.0,0.8,False
Zara,WS1,WS1_B1,Etiket,0.5,1.0,0.59,True
Zara,WS1,WS1_B2,Nesne,0.5,1.0,0.59,True
Zara,WS1,WS1_B3,Karakteristik,0.5,1.0,0.59,True
Zara,WS1,WS1_B4,Karakteristik,0.5,1.0,0.59,True
Zara,WS1,WS1_B5,nesne,0.5,1.0,0.59,True
Zara,WS1,WS1_B6,nesne,0.0,1.0,0.88,False
Zara,WS1,WS1_B7,değişkenler,0.5,1.0,0.59,True
Zara,WS1,WS1_B8,7 tane,0.0,1.0,0.88,False
Zara,WS1,WS1_B9,"Enerji, Yağ, Doymuş Yağ, Karbonhidrat, Şeker, Protein, Tuz.",0.5,1.0,0.59,True
Zara,WS1,WS1_B10,nesne,0.5,1.0,0.59,True
Zara,WS1,WS1_B11,etiket,0.5,1.0,0.59,True
Zara,WS3,WS3_B1,,0.0,1.0,0.0,True
Zara,WS3,WS3_B2,,0.0,1.0,0.0,True
Zara,WS3,WS3_B3,,0.0,1.0,0.0,True
Zara,WS3,WS3_B4,,0.0,1.0,0.0,True
Zara,WS3,WS3_B5,,0.0,1.0,0.0,True
Zara,WS3,WS3_B6,,0.0,1.0,0.0,True
Zara,WS3,WS3_B7,,0.0,1.0,0.0,True
Zara,WS3,WS3_B8,,0.0,1.0,0.0,True
Zara,WS4,WS4_B1,,0.0,1.0,0.0,True
Zara,WS4,WS4_B2,,0.0,1.0,0.0,True
Zara,WS4,WS4_B3,,0.0,1.0,0.0,True
Zara,WS4,WS4_B4,,0.0,1.0,0.0,True
Zara,WS4,WS4_B5,,0.0,1.0,0.0,True
Zara,WS5,WS5_rows,,3,,,False
Zara,WS5,WS5_B25,Şeker < 2.0,1.0,1.0,,False
Zara,WS6,WS6_root_feature,,1.0,1.0,1.0,False
Zara,WS6,WS6_root_threshold,,1.0,1.0,1.0,False
Zara,WS6,WS6_inner_feature,,1.0,1.0,1.0,False
Zara,WS6,WS6_tree_validity,,0.5,1.0,0.85,False
Zara,WS7,WS7_1,< 200.0,0.0,1.0,,False
Zara,WS7,WS7_2,> 200.0,0.0,1.0,,False
Zara,WS7,WS7_3,< 11.0,0.0,1.0,,False
Zara,WS7,WS7_4,> 11.0,0.0,1.0,,False
Zara,WS7,WS7_5,(bos),0.0,1.0,,False
Zara,WS7,WS7_6,(bos),0.0,1.0,,False
Zara,WS7,WS7_7,(bos),0.0,1.0,,False
Zara,WS10,WS10_B1,4,1.0,1.0,0.8,False
Zara,WS10,WS10_B2,3,1.0,1.0,0.8,False
Zara,WS10,WS10_B3,2,1.0,1.0,0.8,False
Zara,WS10,WS10_B4,3,1.0,1.0,0.8,False
Zara,WS10,WS10_B5,2,1.0,1.0,0.8,False
Zara,WS10,WS10_B6,1,1.0,1.0,0.8,False
Zara,WS10,WS10_B7,2,1.0,1.0,0.8,False
Zara,WS10,WS10_B8,408,1.0,1.0,0.8,False
