student_id,LO3.1_strength,LO3.2_strength,LO3.3_strength,ai_cft_proposal,final_level,missing_sources,flag_count
Amy,strong,strong,absent,Deepen,,colab,51
Bruno,strong,strong,absent,Deepen,,colab,61
Helena,strong,strong,strong,Create,,colab,61
Iris,strong,strong,strong,Create,,colab,61
Irma,strong,strong,absent,Deepen,,colab,61
Isabel,strong,strong,absent,Deepen,,colab,61
Marco,strong,strong,absent,Deepen,,colab,51
Marcus,strong,strong,absent,Deepen,,colab,61
Melinda,strong,strong,absent,Deepen,,colab,11
Nadia,strong,strong,absent,Deepen,,colab,61
Sample_Student,strong,strong,absent,Deepen,,video|colab,51
Serena,strong,strong,absent,Deepen,,colab,11
Shana,strong,strong,absent,Deepen,,colab,62
Sheila,strong,strong,absent,Deepen,,colab,62
Ulysses,strong,strong,absent,Deepen,,colab,62
Zara,strong,strong,absent,Deepen,,colab,60
