episode_id,student_id,start_s,end_s,n_frames,behaviors_present_indicator,silver_confidence,rater_id,B0_level,B1_level,B2_level,B3_level,B4_level,B5_level,B6_level,B7_level,B8_level,B9_level,B10_level,B11_level,B12_level,B13_level,B0_evidence,B1_evidence,B2_evidence,B3_evidence,B4_evidence,B5_evidence,B6_evidence,B7_evidence,B8_evidence,B9_evidence,B10_evidence,B11_evidence,B12_evidence,B13_evidence,general_notes
Barbara_ep_001,Barbara,1.524,60.304,5,B0,none,Rater_1,,,,,,,,,,,,,,,,,,,,,,,,,,,,,
Barbara_ep_001,Barbara,1.524,60.304,5,B0,none,Rater_2,,,,,,,,,,,,,,,,,,,,,,,,,,,,,
Bob_ep_010,Bob,796.8,842.033,9,B4|B5|B6|B7,none,Rater_1,,,,,,,,,,,,,,,,,,,,,,,,,,,,,
Bob_ep_010,Bob,796.8,842.033,9,B4|B5|B6|B7,none,Rater_2,,,,,,,,,,,,,,,,,,,,,,,,,,,,,
Felicity_ep_015,Felicity,1417.636,1417.636,1,B0,none,Rater_1,,,,,,,,,,,,,,,,,,,,,,,,,,,,,
Felicity_ep_015,Felicity,1417.636,1417.636,1,B0,none,Rater_2,,,,,,,,,,,,,,,,,,,,,,,,,,,,,
Eliot_ep_008,Eliot,656.129,686.242,3,B10|B4,none,Rater_1,,,,,,,,,,,,,,,,,,,,,,,,,,,,,
Eliot_ep_008,Eliot,656.129,686.242,3,B10|B4,none,Rater_2,,,,,,,,,,,,,,,,,,,,,,,,,,,,,
Daisy_ep_016,Daisy,1275.408,1333.147,8,B11|B2|B4|B5|B6|B7,none,Rater_1,,,,,,,,,,,,,,,,,,,,,,,,,,,,,
Daisy_ep_016,Daisy,1275.408,1333.147,8,B11|B2|B4|B5|B6|B7,none,Rater_2,,,,,,,,,,,,,,,,,,,,,,,,,,,,,
Eliot_ep_024,Eliot,1946.489,2002.712,10,B1|B6,none,Rater_1,,,,,,,,,,,,,,,,,,,,,,,,,,,,,
Eliot_ep_024,Eliot,1946.489,2002.712,10,B1|B6,none,Rater_2,,,,,,,,,,,,,,,,,,,,,,,,,,,,,
Eliot_ep_009,Eliot,776.97,776.97,1,B10|B4,none,Rater_1,,,,,,,,,,,,,,,,,,,,,,,,,,,,,
Eliot_ep_009,Eliot,776.97,776.97,1,B10|B4,none,Rater_2,,,,,,,,,,,,,,,,,,,,,,,,,,,,,
Ally_ep_003,Ally,131.81,178.219,26,B1|B2,none,Rater_1,,,,,,,,,,,,,,,,,,,,,,,,,,,,,
Ally_ep_003,Ally,131.81,178.219,26,B1|B2,none,Rater_2,,,,,,,,,,,,,,,,,,,,,,,,,,,,,
Felicity_ep_011,Felicity,1054.193,1054.193,1,B0,none,Rater_1,,,,,,,,,,,,,,,,,,,,,,,,,,,,,
Felicity_ep_011,Felicity,1054.193,1054.193,1,B0,none,Rater_2,,,,,,,,,,,,,,,,,,,,,,,,,,,,,
Barbara_ep_037,Barbara,3489.651,3496.031,3,B10|B4|B5|B6|B7,none,Rater_1,,,,,,,,,,,,,,,,,,,,,,,,,,,,,
Barbara_ep_037,Barbara,3489.651,3496.031,3,B10|B4|B5|B6|B7,none,Rater_2,,,,,,,,,,,,,,,,,,,,,,,,,,,,,
Ozzy_ep_002,Ozzy,235.833,235.833,1,B0,none,Rater_1,,,,,,,,,,,,,,,,,,,,,,,,,,,,,
Ozzy_ep_002,Ozzy,235.833,235.833,1,B0,none,Rater_2,,,,,,,,,,,,,,,,,,,,,,,,,,,,,
Felicity_ep_013,Felicity,1235.832,1235.832,1,B0,none,Rater_1,,,,,,,,,,,,,,,,,,,,,,,,,,,,,
Felicity_ep_013,Felicity,1235.832,1235.832,1,B0,none,Rater_2,,,,,,,,,,,,,,,,,,,,,,,,,,,,,
Eliot_ep_006,Eliot,515.115,569.97,2,B3|B4|B7,none,Rater_1,,,,,,,,,,,,,,,,,,,,,,,,,,,,,
Eliot_ep_006,Eliot,515.115,569.97,2,B3|B4|B7,none,Rater_2,,,,,,,,,,,,,,,,,,,,,,,,,,,,,
Ozzy_ep_019,Ozzy,1490.375,1536.998,9,B10|B4|B5,none,Rater_1,,,,,,,,,,,,,,,,,,,,,,,,,,,,,
Ozzy_ep_019,Ozzy,1490.375,1536.998,9,B10|B4|B5,none,Rater_2,,,,,,,,,,,,,,,,,,,,,,,,,,,,,
Ally_ep_007,Ally,552.913,612.527,10,B12|B2|B7,none,Rater_1,,,,,,,,,,,,,,,,,,,,,,,,,,,,,
Ally_ep_007,Ally,552.913,612.527,10,B12|B2|B7,none,Rater_2,,,,,,,,,,,,,,,,,,,,,,,,,,,,,
Bob_ep_003,Bob,161.717,162.867,2,B0,none,Rater_1,,,,,,,,,,,,,,,,,,,,,,,,,,,,,
Bob_ep_003,Bob,161.717,162.867,2,B0,none,Rater_2,,,,,,,,,,,,,,,,,,,,,,,,,,,,,
Barbara_ep_013,Barbara,1160.002,1160.002,1,B6|B7,none,Rater_1,,,,,,,,,,,,,,,,,,,,,,,,,,,,,
Barbara_ep_013,Barbara,1160.002,1160.002,1,B6|B7,none,Rater_2,,,,,,,,,,,,,,,,,,,,,,,,,,,,,
Daisy_ep_012,Daisy,1023.708,1064.214,9,B1|B10|B11|B2|B4|B6|B7,none,Rater_1,,,,,,,,,,,,,,,,,,,,,,,,,,,,,
Daisy_ep_012,Daisy,1023.708,1064.214,9,B1|B10|B11|B2|B4|B6|B7,none,Rater_2,,,,,,,,,,,,,,,,,,,,,,,,,,,,,
Barbara_ep_036,Barbara,3403.724,3403.724,1,B10|B4|B5|B6|B7,none,Rater_1,,,,,,,,,,,,,,,,,,,,,,,,,,,,,
Barbara_ep_036,Barbara,3403.724,3403.724,1,B10|B4|B5|B6|B7,none,Rater_2,,,,,,,,,,,,,,,,,,,,,,,,,,,,,
Barbara_ep_004,Barbara,392.689,409.578,5,B0,none,Rater_1,,,,,,,,,,,,,,,,,,,,,,,,,,,,,
Barbara_ep_004,Barbara,392.689,409.578,5,B0,none,Rater_2,,,,,,,,,,,,,,,,,,,,,,,,,,,,,
Eliot_ep_010,Eliot,867.531,867.531,1,B4|B5,none,Rater_1,,,,,,,,,,,,,,,,,,,,,,,,,,,,,
Eliot_ep_010,Eliot,867.531,867.531,1,B4|B5,none,Rater_2,,,,,,,,,,,,,,,,,,,,,,,,,,,,,
Barbara_ep_044,Barbara,4078.2,4137.683,5,,none,Rater_1,,,,,,,,,,,,,,,,,,,,,,,,,,,,,
Barbara_ep_044,Barbara,4078.2,4137.683,5,,none,Rater_2,,,,,,,,,,,,,,,,,,,,,,,,,,,,,
Ozzy_ep_034,Ozzy,2569.375,2606.748,8,B4|B5|B6|B7,none,Rater_1,,,,,,,,,,,,,,,,,,,,,,,,,,,,,
Ozzy_ep_034,Ozzy,2569.375,2606.748,8,B4|B5|B6|B7,none,Rater_2,,,,,,,,,,,,,,,,,,,,,,,,,,,,,
Eliot_ep_011,Eliot,945.685,982.734,2,B4|B5,none,Rater_1,,,,,,,,,,,,,,,,,,,,,,,,,,,,,
Eliot_ep_011,Eliot,945.685,982.734,2,B4|B5,none,Rater_2,,,,,,,,,,,,,,,,,,,,,,,,,,,,,
Daisy_ep_014,Daisy,1152.224,1210.717,7,B1|B11|B2|B6|B7,none,Rater_1,,,,,,,,,,,,,,,,,,,,,,,,,,,,,
Daisy_ep_014,Daisy,1152.224,1210.717,7,B1|B11|B2|B6|B7,none,Rater_2,,,,,,,,,,,,,,,,,,,,,,,,,,,,,
Ozzy_ep_009,Ozzy,758.956,795.461,6,B10|B4|B5,none,Rater_1,,,,,,,,,,,,,,,,,,,,,,,,,,,,,
Ozzy_ep_009,Ozzy,758.956,795.461,6,B10|B4|B5,none,Rater_2,,,,,,,,,,,,,,,,,,,,,,,,,,,,,
Bob_ep_014,Bob,1246.0,1246.0,1,B4|B5|B6|B7,none,Rater_1,,,,,,,,,,,,,,,,,,,,,,,,,,,,,
Bob_ep_014,Bob,1246.0,1246.0,1,B4|B5|B6|B7,none,Rater_2,,,,,,,,,,,,,,,,,,,,,,,,,,,,,
Bob_ep_015,Bob,1336.0,1336.0,1,B4|B5|B6|B7,none,Rater_1,,,,,,,,,,,,,,,,,,,,,,,,,,,,,
Bob_ep_015,Bob,1336.0,1336.0,1,B4|B5|B6|B7,none,Rater_2,,,,,,,,,,,,,,,,,,,,,,,,,,,,,
Daisy_ep_005,Daisy,356.844,356.844,1,B1,none,Rater_1,,,,,,,,,,,,,,,,,,,,,,,,,,,,,
Daisy_ep_005,Daisy,356.844,356.844,1,B1,none,Rater_2,,,,,,,,,,,,,,,,,,,,,,,,,,,,,
Barbara_ep_034,Barbara,3221.419,3222.94,2,B10|B4|B5|B6|B7,none,Rater_1,,,,,,,,,,,,,,,,,,,,,,,,,,,,,
Barbara_ep_034,Barbara,3221.419,3222.94,2,B10|B4|B5|B6|B7,none,Rater_2,,,,,,,,,,,,,,,,,,,,,,,,,,,,,
Ozzy_ep_021,Ozzy,1611.7,1669.851,16,B10|B4|B5,none,Rater_1,,,,,,,,,,,,,,,,,,,,,,,,,,,,,
Ozzy_ep_021,Ozzy,1611.7,1669.851,16,B10|B4|B5,none,Rater_2,,,,,,,,,,,,,,,,,,,,,,,,,,,,,
Ozzy_ep_010,Ozzy,836.858,891.104,7,B10|B4|B5,none,Rater_1,,,,,,,,,,,,,,,,,,,,,,,,,,,,,
Ozzy_ep_010,Ozzy,836.858,891.104,7,B10|B4|B5,none,Rater_2,,,,,,,,,,,,,,,,,,,,,,,,,,,,,
Daisy_ep_013,Daisy,1089.562,1148.402,13,B1|B10|B11|B12|B2|B4|B5|B6|B7,none,Rater_1,,,,,,,,,,,,,,,,,,,,,,,,,,,,,
Daisy_ep_013,Daisy,1089.562,1148.402,13,B1|B10|B11|B12|B2|B4|B5|B6|B7,none,Rater_2,,,,,,,,,,,,,,,,,,,,,,,,,,,,,
Daisy_ep_015,Daisy,1212.621,1270.509,10,B1|B11|B2|B4|B5|B6|B7,none,Rater_1,,,,,,,,,,,,,,,,,,,,,,,,,,,,,
Daisy_ep_015,Daisy,1212.621,1270.509,10,B1|B11|B2|B4|B5|B6|B7,none,Rater_2,,,,,,,,,,,,,,,,,,,,,,,,,,,,,
Barbara_ep_007,Barbara,621.824,668.255,8,B4|B9,none,Rater_1,,,,,,,,,,,,,,,,,,,,,,,,,,,,,
Barbara_ep_007,Barbara,621.824,668.255,8,B4|B9,none,Rater_2,,,,,,,,,,,,,,,,,,,,,,,,,,,,,
Barbara_ep_027,Barbara,2650.649,2651.998,2,B4|B5,none,Rater_1,,,,,,,,,,,,,,,,,,,,,,,,,,,,,
Barbara_ep_027,Barbara,2650.649,2651.998,2,B4|B5,none,Rater_2,,,,,,,,,,,,,,,,,,,,,,,,,,,,,
Felicity_ep_053,Felicity,4870.93,4870.93,1,B0,none,Rater_1,,,,,,,,,,,,,,,,,,,,,,,,,,,,,
Felicity_ep_053,Felicity,4870.93,4870.93,1,B0,none,Rater_2,,,,,,,,,,,,,,,,,,,,,,,,,,,,,
Eliot_ep_031,Eliot,2436.961,2473.67,7,B5,none,Rater_1,,,,,,,,,,,,,,,,,,,,,,,,,,,,,
Eliot_ep_031,Eliot,2436.961,2473.67,7,B5,none,Rater_2,,,,,,,,,,,,,,,,,,,,,,,,,,,,,
Ozzy_ep_025,Ozzy,1857.947,1914.136,3,B8,none,Rater_1,,,,,,,,,,,,,,,,,,,,,,,,,,,,,
Ozzy_ep_025,Ozzy,1857.947,1914.136,3,B8,none,Rater_2,,,,,,,,,,,,,,,,,,,,,,,,,,,,,
Barbara_ep_053,Barbara,4858.818,4858.818,1,B12,none,Rater_1,,,,,,,,,,,,,,,,,,,,,,,,,,,,,
Barbara_ep_053,Barbara,4858.818,4858.818,1,B12,none,Rater_2,,,,,,,,,,,,,,,,,,,,,,,,,,,,,
Barbara_ep_049,Barbara,4496.721,4496.721,1,B12,none,Rater_1,,,,,,,,,,,,,,,,,,,,,,,,,,,,,
Barbara_ep_049,Barbara,4496.721,4496.721,1,B12,none,Rater_2,,,,,,,,,,,,,,,,,,,,,,,,,,,,,
Eliot_ep_004,Eliot,329.475,329.475,1,B3|B4|B7,none,Rater_1,,,,,,,,,,,,,,,,,,,,,,,,,,,,,
Eliot_ep_004,Eliot,329.475,329.475,1,B3|B4|B7,none,Rater_2,,,,,,,,,,,,,,,,,,,,,,,,,,,,,
Ally_ep_005,Ally,359.265,413.394,4,B10|B2|B4|B5,none,Rater_1,,,,,,,,,,,,,,,,,,,,,,,,,,,,,
Ally_ep_005,Ally,359.265,413.394,4,B10|B2|B4|B5,none,Rater_2,,,,,,,,,,,,,,,,,,,,,,,,,,,,,
Ozzy_ep_018,Ozzy,1414.068,1473.962,8,B10|B4|B5|B6,none,Rater_1,,,,,,,,,,,,,,,,,,,,,,,,,,,,,
Ozzy_ep_018,Ozzy,1414.068,1473.962,8,B10|B4|B5|B6,none,Rater_2,,,,,,,,,,,,,,,,,,,,,,,,,,,,,
Daisy_ep_009,Daisy,699.065,748.07,12,B1|B2,none,Rater_1,,,,,,,,,,,,,,,,,,,,,,,,,,,,,
Daisy_ep_009,Daisy,699.065,748.07,12,B1|B2,none,Rater_2,,,,,,,,,,,,,,,,,,,,,,,,,,,,,
Eliot_ep_029,Eliot,2268.811,2317.87,6,B10|B4|B5,none,Rater_1,,,,,,,,,,,,,,,,,,,,,,,,,,,,,
Eliot_ep_029,Eliot,2268.811,2317.87,6,B10|B4|B5,none,Rater_2,,,,,,,,,,,,,,,,,,,,,,,,,,,,,
Ozzy_ep_027,Ozzy,1984.248,2016.947,5,B6,none,Rater_1,,,,,,,,,,,,,,,,,,,,,,,,,,,,,
Ozzy_ep_027,Ozzy,1984.248,2016.947,5,B6,none,Rater_2,,,,,,,,,,,,,,,,,,,,,,,,,,,,,
Felicity_ep_003,Felicity,323.303,327.902,4,B0,none,Rater_1,,,,,,,,,,,,,,,,,,,,,,,,,,,,,
Felicity_ep_003,Felicity,323.303,327.902,4,B0,none,Rater_2,,,,,,,,,,,,,,,,,,,,,,,,,,,,,
Felicity_ep_041,Felicity,3780.535,3780.535,1,B0,none,Rater_1,,,,,,,,,,,,,,,,,,,,,,,,,,,,,
Felicity_ep_041,Felicity,3780.535,3780.535,1,B0,none,Rater_2,,,,,,,,,,,,,,,,,,,,,,,,,,,,,
Ozzy_ep_006,Ozzy,565.055,623.664,17,B7,none,Rater_1,,,,,,,,,,,,,,,,,,,,,,,,,,,,,
Ozzy_ep_006,Ozzy,565.055,623.664,17,B7,none,Rater_2,,,,,,,,,,,,,,,,,,,,,,,,,,,,,
Felicity_ep_025,Felicity,2326.344,2326.344,1,B0,none,Rater_1,,,,,,,,,,,,,,,,,,,,,,,,,,,,,
Felicity_ep_025,Felicity,2326.344,2326.344,1,B0,none,Rater_2,,,,,,,,,,,,,,,,,,,,,,,,,,,,,
Barbara_ep_022,Barbara,2145.428,2145.428,1,B4|B5,none,Rater_1,,,,,,,,,,,,,,,,,,,,,,,,,,,,,
Barbara_ep_022,Barbara,2145.428,2145.428,1,B4|B5,none,Rater_2,,,,,,,,,,,,,,,,,,,,,,,,,,,,,
Daisy_ep_001,Daisy,0.933,52.838,3,B1,none,Rater_1,,,,,,,,,,,,,,,,,,,,,,,,,,,,,
Daisy_ep_001,Daisy,0.933,52.838,3,B1,none,Rater_2,,,,,,,,,,,,,,,,,,,,,,,,,,,,,
Ally_ep_006,Ally,429.057,486.749,13,B10|B3|B4|B5|B7,none,Rater_1,,,,,,,,,,,,,,,,,,,,,,,,,,,,,
Ally_ep_006,Ally,429.057,486.749,13,B10|B3|B4|B5|B7,none,Rater_2,,,,,,,,,,,,,,,,,,,,,,,,,,,,,
Ozzy_ep_017,Ozzy,1342.057,1396.408,14,B10|B4|B5|B6,none,Rater_1,,,,,,,,,,,,,,,,,,,,,,,,,,,,,
Ozzy_ep_017,Ozzy,1342.057,1396.408,14,B10|B4|B5|B6,none,Rater_2,,,,,,,,,,,,,,,,,,,,,,,,,,,,,
Felicity_ep_022,Felicity,2053.705,2053.705,1,B0,none,Rater_1,,,,,,,,,,,,,,,,,,,,,,,,,,,,,
Felicity_ep_022,Felicity,2053.705,2053.705,1,B0,none,Rater_2,,,,,,,,,,,,,,,,,,,,,,,,,,,,,
Ozzy_ep_024,Ozzy,1793.758,1850.583,12,B8,none,Rater_1,,,,,,,,,,,,,,,,,,,,,,,,,,,,,
Ozzy_ep_024,Ozzy,1793.758,1850.583,12,B8,none,Rater_2,,,,,,,,,,,,,,,,,,,,,,,,,,,,,
Ally_ep_009,Ally,709.336,761.356,4,B1|B12|B4|B5|B6|B7,none,Rater_1,,,,,,,,,,,,,,,,,,,,,,,,,,,,,
Ally_ep_009,Ally,709.336,761.356,4,B1|B12|B4|B5|B6|B7,none,Rater_2,,,,,,,,,,,,,,,,,,,,,,,,,,,,,
Bob_ep_016,Bob,1399.1,1403.917,4,B4|B5|B6|B7,none,Rater_1,,,,,,,,,,,,,,,,,,,,,,,,,,,,,
Bob_ep_016,Bob,1399.1,1403.917,4,B4|B5|B6|B7,none,Rater_2,,,,,,,,,,,,,,,,,,,,,,,,,,,,,
Bob_ep_021,Bob,1851.917,1909.5,2,B4|B5|B6|B7,none,Rater_1,,,,,,,,,,,,,,,,,,,,,,,,,,,,,
Bob_ep_021,Bob,1851.917,1909.5,2,B4|B5|B6|B7,none,Rater_2,,,,,,,,,,,,,,,,,,,,,,,,,,,,,
Ozzy_ep_022,Ozzy,1672.041,1731.012,15,B10|B4|B5|B8,none,Rater_1,,,,,,,,,,,,,,,,,,,,,,,,,,,,,
Ozzy_ep_022,Ozzy,1672.041,1731.012,15,B10|B4|B5|B8,none,Rater_2,,,,,,,,,,,,,,,,,,,,,,,,,,,,,
Barbara_ep_019,Barbara,1731.761,1780.14,3,B3|B6|B7,none,Rater_1,,,,,,,,,,,,,,,,,,,,,,,,,,,,,
Barbara_ep_019,Barbara,1731.761,1780.14,3,B3|B6|B7,none,Rater_2,,,,,,,,,,,,,,,,,,,,,,,,,,,,,
Felicity_ep_026,Felicity,2417.258,2417.258,1,B0,none,Rater_1,,,,,,,,,,,,,,,,,,,,,,,,,,,,,
Felicity_ep_026,Felicity,2417.258,2417.258,1,B0,none,Rater_2,,,,,,,,,,,,,,,,,,,,,,,,,,,,,
Barbara_ep_028,Barbara,2725.421,2725.421,1,B10|B4|B5|B6,none,Rater_1,,,,,,,,,,,,,,,,,,,,,,,,,,,,,
Barbara_ep_028,Barbara,2725.421,2725.421,1,B10|B4|B5|B6,none,Rater_2,,,,,,,,,,,,,,,,,,,,,,,,,,,,,
Bob_ep_009,Bob,717.817,753.517,3,B4|B5|B6|B7,none,Rater_1,,,,,,,,,,,,,,,,,,,,,,,,,,,,,
Bob_ep_009,Bob,717.817,753.517,3,B4|B5|B6|B7,none,Rater_2,,,,,,,,,,,,,,,,,,,,,,,,,,,,,
Barbara_ep_052,Barbara,4768.019,4768.019,1,B12,none,Rater_1,,,,,,,,,,,,,,,,,,,,,,,,,,,,,
Barbara_ep_052,Barbara,4768.019,4768.019,1,B12,none,Rater_2,,,,,,,,,,,,,,,,,,,,,,,,,,,,,
Bob_ep_018,Bob,1583.917,1634.0,7,B4|B5|B6|B7,none,Rater_1,,,,,,,,,,,,,,,,,,,,,,,,,,,,,
Bob_ep_018,Bob,1583.917,1634.0,7,B4|B5|B6|B7,none,Rater_2,,,,,,,,,,,,,,,,,,,,,,,,,,,,,
Ally_ep_008,Ally,613.756,672.894,13,B1|B12|B4|B5|B7,none,Rater_1,,,,,,,,,,,,,,,,,,,,,,,,,,,,,
Ally_ep_008,Ally,613.756,672.894,13,B1|B12|B4|B5|B7,none,Rater_2,,,,,,,,,,,,,,,,,,,,,,,,,,,,,
Felicity_ep_029,Felicity,2689.959,2689.959,1,B0,none,Rater_1,,,,,,,,,,,,,,,,,,,,,,,,,,,,,
Felicity_ep_029,Felicity,2689.959,2689.959,1,B0,none,Rater_2,,,,,,,,,,,,,,,,,,,,,,,,,,,,,
Ozzy_ep_023,Ozzy,1732.683,1792.577,12,B8,none,Rater_1,,,,,,,,,,,,,,,,,,,,,,,,,,,,,
Ozzy_ep_023,Ozzy,1732.683,1792.577,12,B8,none,Rater_2,,,,,,,,,,,,,,,,,,,,,,,,,,,,,
Felicity_ep_021,Felicity,1962.839,1962.839,1,B0,none,Rater_1,,,,,,,,,,,,,,,,,,,,,,,,,,,,,
Felicity_ep_021,Felicity,1962.839,1962.839,1,B0,none,Rater_2,,,,,,,,,,,,,,,,,,,,,,,,,,,,,
Ozzy_ep_011,Ozzy,896.961,918.072,2,B10|B4|B5,none,Rater_1,,,,,,,,,,,,,,,,,,,,,,,,,,,,,
Ozzy_ep_011,Ozzy,896.961,918.072,2,B10|B4|B5,none,Rater_2,,,,,,,,,,,,,,,,,,,,,,,,,,,,,
Barbara_ep_002,Barbara,176.131,180.694,2,B0,none,Rater_1,,,,,,,,,,,,,,,,,,,,,,,,,,,,,
Barbara_ep_002,Barbara,176.131,180.694,2,B0,none,Rater_2,,,,,,,,,,,,,,,,,,,,,,,,,,,,,
Ally_ep_004,Ally,268.903,268.903,1,B1,none,Rater_1,,,,,,,,,,,,,,,,,,,,,,,,,,,,,
Ally_ep_004,Ally,268.903,268.903,1,B1,none,Rater_2,,,,,,,,,,,,,,,,,,,,,,,,,,,,,
Ozzy_ep_014,Ozzy,1160.406,1203.616,6,B10|B4|B5|B6,none,Rater_1,,,,,,,,,,,,,,,,,,,,,,,,,,,,,
Ozzy_ep_014,Ozzy,1160.406,1203.616,6,B10|B4|B5|B6,none,Rater_2,,,,,,,,,,,,,,,,,,,,,,,,,,,,,
Barbara_ep_039,Barbara,3677.84,3677.84,1,,none,Rater_1,,,,,,,,,,,,,,,,,,,,,,,,,,,,,
Barbara_ep_039,Barbara,3677.84,3677.84,1,,none,Rater_2,,,,,,,,,,,,,,,,,,,,,,,,,,,,,
Eliot_ep_005,Eliot,420.017,436.216,2,B3|B4|B7,none,Rater_1,,,,,,,,,,,,,,,,,,,,,,,,,,,,,
Eliot_ep_005,Eliot,420.017,436.216,2,B3|B4|B7,none,Rater_2,,,,,,,,,,,,,,,,,,,,,,,,,,,,,
Felicity_ep_005,Felicity,508.774,508.774,1,B0,none,Rater_1,,,,,,,,,,,,,,,,,,,,,,,,,,,,,
Felicity_ep_005,Felicity,508.774,508.774,1,B0,none,Rater_2,,,,,,,,,,,,,,,,,,,,,,,,,,,,,
Ozzy_ep_004,Ozzy,416.806,440.265,4,B7,none,Rater_1,,,,,,,,,,,,,,,,,,,,,,,,,,,,,
Ozzy_ep_004,Ozzy,416.806,440.265,4,B7,none,Rater_2,,,,,,,,,,,,,,,,,,,,,,,,,,,,,
Barbara_ep_021,Barbara,2003.29,2055.39,3,B4|B5,none,Rater_1,,,,,,,,,,,,,,,,,,,,,,,,,,,,,
Barbara_ep_021,Barbara,2003.29,2055.39,3,B4|B5,none,Rater_2,,,,,,,,,,,,,,,,,,,,,,,,,,,,,
