student,session,episode_id,category,start_ms,end_ms,duration_ms,steps,assistance
Amy,codap_21apr,ep_0000,EXPLORE,216602,1622214,1405612,2,independent
Amy,codap_21apr,ep_0001,MISCONCEPTION,2198518,3307219,1108701,2,independent
Amy,codap_21apr,ep_0002,EXPLORE,4272135,4272135,0,1,independent
Amy,codap_21apr,ep_0003,MISCONCEPTION,4966695,4966695,0,1,independent
Amy,codap_28apr,ep_0000,EXPLORE,,,,2,independent
Amy,codap_28apr,ep_0001,MISCONCEPTION,,,,2,independent
Amy,codap_28apr,ep_0002,EXPLORE,,,,1,independent
Amy,codap_28apr,ep_0003,MISCONCEPTION,,,,1,independent
Bruno,codap_21apr,ep_0000,EVALUATE,31923,31923,0,1,independent
Bruno,codap_21apr,ep_0001,EXPLORE,473683,1675584,1201901,3,independent
Bruno,codap_21apr,ep_0002,EVALUATE,1967245,1967245,0,1,independent
Bruno,codap_21apr,ep_0003,EXPLORE,2224472,2224472,0,1,independent
Bruno,codap_21apr,ep_0004,MISCONCEPTION,2625379,2852630,227251,2,independent
Bruno,codap_21apr,ep_0005,EXPLORE,3525616,4597898,1072282,4,independent
Bruno,codap_21apr,ep_0006,MISCONCEPTION,4992540,4992540,0,1,independent
Bruno,codap_28apr,ep_0000,EVALUATE,43658,43658,0,1,independent
Bruno,codap_28apr,ep_0001,EXPLORE,688044,1160692,472648,3,independent
Bruno,codap_28apr,ep_0002,EVALUATE,1380479,1380479,0,1,independent
Bruno,codap_28apr,ep_0003,EXPLORE,1541521,1541521,0,1,independent
Bruno,codap_28apr,ep_0004,MISCONCEPTION,2296289,2566860,270571,2,independent
Bruno,codap_28apr,ep_0005,EXPLORE,2682410,4081795,1399385,4,independent
Bruno,codap_28apr,ep_0006,MISCONCEPTION,4460768,4460768,0,1,independent
Helena,codap_21apr,ep_0000,EXPLORE,31344,387038,355694,2,independent
Helena,codap_21apr,ep_0001,EVALUATE,436210,436210,0,1,independent
Helena,codap_21apr,ep_0002,MISCONCEPTION,644711,1408923,764212,3,independent
Helena,codap_21apr,ep_0003,EXPLORE,1776103,3279828,1503725,4,independent
Helena,codap_21apr,ep_0004,MISCONCEPTION,3557717,5255689,1697972,4,independent
Helena,codap_28apr,ep_0000,EXPLORE,,,,2,independent
Helena,codap_28apr,ep_0001,EVALUATE,,,,1,independent
Helena,codap_28apr,ep_0002,MISCONCEPTION,,,,3,independent
Helena,codap_28apr,ep_0003,EXPLORE,,,,4,independent
Helena,codap_28apr,ep_0004,MISCONCEPTION,,,,4,independent
Iris,codap_21apr,ep_0000,EXPLORE,78094,78094,0,1,independent
Iris,codap_21apr,ep_0001,EVALUATE,1395277,1395277,0,1,independent
Iris,codap_21apr,ep_0002,MISCONCEPTION,2044211,3153622,1109411,2,independent
Iris,codap_21apr,ep_0003,EVALUATE,4049492,4049492,0,1,independent
Iris,codap_21apr,ep_0004,MISCONCEPTION,4958391,4958391,0,1,independent
Iris,codap_28apr,ep_0000,EXPLORE,,,,1,independent
Iris,codap_28apr,ep_0001,EVALUATE,,,,1,independent
Iris,codap_28apr,ep_0002,MISCONCEPTION,,,,2,independent
Iris,codap_28apr,ep_0003,EVALUATE,,,,1,independent
Iris,codap_28apr,ep_0004,MISCONCEPTION,,,,1,independent
Irma,codap_21apr,ep_0000,MISCONCEPTION,25688,1516352,1490664,8,independent
Irma,codap_21apr,ep_0001,EXPLORE,2121097,2121097,0,1,independent
Irma,codap_21apr,ep_0002,MISCONCEPTION,2346409,2608252,261843,3,independent
Irma,codap_21apr,ep_0003,EXPLORE,2836417,3128157,291740,3,independent
Irma,codap_21apr,ep_0004,MISCONCEPTION,3477407,4449279,971872,4,independent
Irma,codap_28apr,ep_0000,MISCONCEPTION,25688,1516352,1490664,8,independent
Irma,codap_28apr,ep_0001,EXPLORE,2121097,2121097,0,1,independent
Irma,codap_28apr,ep_0002,MISCONCEPTION,2346409,2608252,261843,3,independent
Irma,codap_28apr,ep_0003,EXPLORE,2836417,3128157,291740,3,independent
Irma,codap_28apr,ep_0004,MISCONCEPTION,3477407,4449279,971872,4,independent
Isabel,codap_21apr,ep_0000,EXPLORE,4751,398474,393723,2,independent
Isabel,codap_21apr,ep_0001,MISCONCEPTION,1015669,1988014,972345,2,independent
Isabel,codap_21apr,ep_0002,EXPLORE,3137123,5111387,1974264,4,independent
Isabel,codap_21apr,ep_0003,MISCONCEPTION,5194971,5194971,0,1,independent
Isabel,codap_28apr,ep_0000,EXPLORE,32300,465038,432738,2,independent
Isabel,codap_28apr,ep_0001,MISCONCEPTION,1345074,1921332,576258,2,independent
Isabel,codap_28apr,ep_0002,EXPLORE,2933566,4191457,1257891,4,independent
Isabel,codap_28apr,ep_0003,MISCONCEPTION,4530890,4530890,0,1,independent
Marco,codap_21apr,ep_0000,EXPLORE,8684,1324679,1315995,4,independent
Marco,codap_21apr,ep_0001,EVALUATE,1595642,3200357,1604715,3,independent
Marco,codap_21apr,ep_0002,EXPLORE,3611386,3611386,0,1,independent
Marco,codap_21apr,ep_0003,EVALUATE,4327890,4327890,0,1,independent
Marco,codap_28apr,ep_0000,TUNE,1582,333457,331875,7,independent
Marco,codap_28apr,ep_0001,EXPLORE,514915,514915,0,1,independent
Marco,codap_28apr,ep_0002,TUNE,599382,599382,0,1,independent
Marco,codap_28apr,ep_0003,EXPLORE,710834,859851,149017,2,independent
Marco,codap_28apr,ep_0004,TUNE,1026409,1107304,80895,2,independent
Marco,codap_28apr,ep_0005,EXPLORE,1240780,1240780,0,1,independent
Marco,codap_28apr,ep_0006,TUNE,1290895,2904522,1613627,4,independent
Marco,codap_28apr,ep_0007,EXPLORE,3155732,3155732,0,1,independent
Marco,codap_28apr,ep_0008,TUNE,3780531,4540613,760082,4,independent
Marco,codap_28apr,ep_0009,EXPLORE,4561825,4561825,0,1,independent
Marco,codap_28apr,ep_0010,EVALUATE,4750085,4750085,0,1,independent
Marcus,codap_21apr,ep_0000,EVALUATE,307499,307499,0,1,independent
Marcus,codap_21apr,ep_0001,EXPLORE,990326,1827426,837100,3,independent
Marcus,codap_21apr,ep_0002,EVALUATE,1925930,1925930,0,1,independent
Marcus,codap_21apr,ep_0003,EXPLORE,2163824,2163824,0,1,independent
Marcus,codap_21apr,ep_0004,MISCONCEPTION,2626645,3300061,673416,2,independent
Marcus,codap_21apr,ep_0005,EXPLORE,3594670,4811539,1216869,4,independent
Marcus,codap_21apr,ep_0006,MISCONCEPTION,5186454,5186454,0,1,independent
Marcus,codap_28apr,ep_0000,EVALUATE,,,,1,independent
Marcus,codap_28apr,ep_0001,EXPLORE,,,,3,independent
Marcus,codap_28apr,ep_0002,EVALUATE,,,,1,independent
Marcus,codap_28apr,ep_0003,EXPLORE,,,,1,independent
Marcus,codap_28apr,ep_0004,MISCONCEPTION,,,,2,independent
Marcus,codap_28apr,ep_0005,EXPLORE,,,,4,independent
Marcus,codap_28apr,ep_0006,MISCONCEPTION,,,,1,independent
Melinda,codap_21apr,ep_0000,EXPLORE,,,,1,independent
Melinda,codap_21apr,ep_0001,EVALUATE,,,,1,independent
Melinda,codap_21apr,ep_0002,MISCONCEPTION,,,,2,independent
Melinda,codap_21apr,ep_0003,EXPLORE,,,,1,independent
Melinda,codap_21apr,ep_0004,MISCONCEPTION,,,,1,independent
Melinda,codap_21apr,ep_0005,EXPLORE,,,,1,independent
Melinda,codap_28apr,ep_0000,EXPLORE,46778,46778,0,1,independent
Melinda,codap_28apr,ep_0001,EVALUATE,932095,932095,0,1,independent
Melinda,codap_28apr,ep_0002,MISCONCEPTION,1871939,2376438,504499,2,independent
Melinda,codap_28apr,ep_0003,EXPLORE,3169987,3169987,0,1,independent
Melinda,codap_28apr,ep_0004,MISCONCEPTION,3694979,3694979,0,1,independent
Melinda,codap_28apr,ep_0005,EXPLORE,4385029,4385029,0,1,independent
Nadia,codap_21apr,ep_0000,EXPLORE,81896,1009726,927830,3,independent
Nadia,codap_21apr,ep_0001,MISCONCEPTION,1083292,1083292,0,1,independent
Nadia,codap_21apr,ep_0002,EXPLORE,1171230,1618609,447379,3,independent
Nadia,codap_21apr,ep_0003,MISCONCEPTION,1633414,1727851,94437,2,independent
Nadia,codap_21apr,ep_0004,EXPLORE,1947740,1947740,0,1,independent
Nadia,codap_21apr,ep_0005,MISCONCEPTION,1975417,2176881,201464,2,independent
Nadia,codap_21apr,ep_0006,EXPLORE,2675647,3811699,1136052,4,independent
Nadia,codap_21apr,ep_0007,MISCONCEPTION,4124616,4124616,0,1,independent
Nadia,codap_21apr,ep_0008,EXPLORE,4259364,4259364,0,1,independent
Nadia,codap_21apr,ep_0009,MISCONCEPTION,4501950,5046210,544260,2,independent
Nadia,codap_28apr,ep_0000,EXPLORE,27746,684285,656539,3,independent
Nadia,codap_28apr,ep_0001,MISCONCEPTION,831473,831473,0,1,independent
Nadia,codap_28apr,ep_0002,EXPLORE,1166826,1361884,195058,3,independent
Nadia,codap_28apr,ep_0003,MISCONCEPTION,1441532,1570060,128528,2,independent
Nadia,codap_28apr,ep_0004,EXPLORE,1623990,1623990,0,1,independent
Nadia,codap_28apr,ep_0005,MISCONCEPTION,1760233,1957176,196943,2,independent
Nadia,codap_28apr,ep_0006,EXPLORE,2718675,4259904,1541229,4,independent
Nadia,codap_28apr,ep_0007,MISCONCEPTION,4290508,4290508,0,1,independent
Nadia,codap_28apr,ep_0008,EXPLORE,4376371,4376371,0,1,independent
Nadia,codap_28apr,ep_0009,MISCONCEPTION,4426558,4498909,72351,2,independent
Serena,codap_21apr,ep_0000,EXPLORE,,,,1,independent
Serena,codap_21apr,ep_0001,EVALUATE,,,,1,independent
Serena,codap_21apr,ep_0002,MISCONCEPTION,,,,2,independent
Serena,codap_21apr,ep_0003,EXPLORE,,,,1,independent
Serena,codap_21apr,ep_0004,MISCONCEPTION,,,,1,independent
Serena,codap_21apr,ep_0005,EXPLORE,,,,1,independent
Serena,codap_28apr,ep_0000,EXPLORE,18297,18297,0,1,independent
Serena,codap_28apr,ep_0001,EVALUATE,948805,948805,0,1,independent
Serena,codap_28apr,ep_0002,MISCONCEPTION,2273558,3151373,877815,2,independent
Serena,codap_28apr,ep_0003,EXPLORE,3460176,3460176,0,1,independent
Serena,codap_28apr,ep_0004,MISCONCEPTION,3833067,3833067,0,1,independent
Serena,codap_28apr,ep_0005,EXPLORE,4435534,4435534,0,1,independent
Shana,codap_21apr,ep_0000,EVALUATE,12334,12334,0,1,independent
Shana,codap_21apr,ep_0001,MISCONCEPTION,383177,4955778,4572601,9,independent
Shana,codap_28apr,ep_0000,EVALUATE,,,,1,independent
Shana,codap_28apr,ep_0001,MISCONCEPTION,,,,9,independent
Sheila,codap_21apr,ep_0000,EXPLORE,3972,3972,0,1,independent
Sheila,codap_21apr,ep_0001,EVALUATE,265541,265541,0,1,independent
Sheila,codap_21apr,ep_0002,EXPLORE,399524,399524,0,1,independent
Sheila,codap_21apr,ep_0003,MISCONCEPTION,471604,560660,89056,2,independent
Sheila,codap_21apr,ep_0004,EXPLORE,923643,3778653,2855010,8,independent
Sheila,codap_21apr,ep_0005,MISCONCEPTION,4248475,5169666,921191,4,independent
Sheila,codap_28apr,ep_0000,EXPLORE,,,,1,independent
Sheila,codap_28apr,ep_0001,EVALUATE,,,,1,independent
Sheila,codap_28apr,ep_0002,EXPLORE,,,,1,independent
Sheila,codap_28apr,ep_0003,MISCONCEPTION,,,,2,independent
Sheila,codap_28apr,ep_0004,EXPLORE,,,,8,independent
Sheila,codap_28apr,ep_0005,MISCONCEPTION,,,,4,independent
Ulysses,codap_21apr,ep_0000,EXPLORE,,,,2,independent
Ulysses,codap_21apr,ep_0001,TUNE,,,,1,independent
Ulysses,codap_21apr,ep_0002,EXPLORE,,,,1,independent
Ulysses,codap_21apr,ep_0003,TUNE,,,,6,independent
Ulysses,codap_21apr,ep_0004,EXPLORE,,,,1,independent
Ulysses,codap_21apr,ep_0005,EVALUATE,,,,1,independent
Ulysses,codap_28apr,ep_0000,EXPLORE,21206,1405737,1384531,3,independent
Ulysses,codap_28apr,ep_0001,TUNE,1928218,1928218,0,1,independent
Ulysses,codap_28apr,ep_0002,EXPLORE,2060995,2060995,0,1,independent
Ulysses,codap_28apr,ep_0003,TUNE,2355154,2355154,0,1,independent
Ulysses,codap_28apr,ep_0004,EXPLORE,2477608,2477608,0,1,independent
Ulysses,codap_28apr,ep_0005,TUNE,2806719,4247118,1440399,8,independent
Ulysses,codap_28apr,ep_0006,EXPLORE,4341169,4341169,0,1,independent
Ulysses,codap_28apr,ep_0007,EVALUATE,4545094,4545094,0,1,independent
Zara,codap_21apr,ep_0000,MISCONCEPTION,268914,268914,0,1,independent
Zara,codap_21apr,ep_0001,EXPLORE,322984,1177130,854146,10,independent
Zara,codap_21apr,ep_0002,MISCONCEPTION,1392125,1392125,0,1,independent
Zara,codap_21apr,ep_0003,EXPLORE,1542246,2014814,472568,4,independent
Zara,codap_21apr,ep_0004,EVALUATE,2058904,2141625,82721,2,independent
Zara,codap_21apr,ep_0005,MISCONCEPTION,2290220,2842639,552419,3,independent
Zara,codap_21apr,ep_0006,EXPLORE,2954873,2954873,0,1,independent
Zara,codap_21apr,ep_0007,MISCONCEPTION,3063542,3063542,0,1,independent
Zara,codap_21apr,ep_0008,EXPLORE,3211450,3211450,0,1,independent
Zara,codap_21apr,ep_0009,EVALUATE,3311306,3311306,0,1,independent
Zara,codap_21apr,ep_0010,EXPLORE,3433827,3924788,490961,3,independent
Zara,codap_21apr,ep_0011,MISCONCEPTION,4053282,4439685,386403,2,independent
Zara,codap_21apr,ep_0012,EXPLORE,4610896,5054369,443473,3,independent
Zara,codap_21apr,ep_0013,MISCONCEPTION,5110061,5134359,24298,2,independent
Zara,codap_21apr,ep_0014,EXPLORE,5149143,5149143,0,1,independent
Zara,codap_21apr,ep_0015,MISCONCEPTION,5158883,5158883,0,1,independent
Zara,codap_21apr,ep_0016,EXPLORE,5207503,5207503,0,1,independent
Zara,codap_21apr,ep_0017,MISCONCEPTION,5218194,5232547,14353,2,independent
Zara,codap_28apr,ep_0000,MISCONCEPTION,268914,268914,0,1,independent
Zara,codap_28apr,ep_0001,EXPLORE,322984,1177130,854146,10,independent
Zara,codap_28apr,ep_0002,MISCONCEPTION,1392125,1392125,0,1,independent
Zara,codap_28apr,ep_0003,EXPLORE,1542246,2014814,472568,4,independent
Zara,codap_28apr,ep_0004,EVALUATE,2058904,2141625,82721,2,independent
Zara,codap_28apr,ep_0005,MISCONCEPTION,2290220,2842639,552419,3,independent
Zara,codap_28apr,ep_0006,EXPLORE,2954873,2954873,0,1,independent
Zara,codap_28apr,ep_0007,MISCONCEPTION,3063542,3063542,0,1,independent
Zara,codap_28apr,ep_0008,EXPLORE,3211450,3211450,0,1,independent
Zara,codap_28apr,ep_0009,EVALUATE,3311306,3311306,0,1,independent
Zara,codap_28apr,ep_0010,EXPLORE,3433827,3924788,490961,3,independent
Zara,codap_28apr,ep_0011,MISCONCEPTION,4053282,4439685,386403,2,independent
Zara,codap_28apr,ep_0012,EXPLORE,4610896,5054369,443473,3,independent
Zara,codap_28apr,ep_0013,MISCONCEPTION,5110061,5134359,24298,2,independent
Zara,codap_28apr,ep_0014,EXPLORE,5149143,5149143,0,1,independent
Zara,codap_28apr,ep_0015,MISCONCEPTION,5158883,5158883,0,1,independent
Zara,codap_28apr,ep_0016,EXPLORE,5207503,5207503,0,1,independent
Zara,codap_28apr,ep_0017,MISCONCEPTION,5218194,5232547,14353,2,independent
