student,date,events,span_minutes,emit_count,minutes_to_first_emit,last_emit_accuracy,accuracy_sd,predictor_drops,unique_attributes,emit_tree_data,drop_attribute,change_split_values,change_tree_type,change_dataset,data_context_change
Amy,2026-04-07,134,34.5,0,,,,13,2,0,13,2,0,0,2
Amy,2026-04-21,402,81.7,11,45.8,0.762,0.0855,19,6,11,19,11,0,0,4
Bruno,2026-04-07,117,37.2,0,,,,9,3,0,9,4,0,0,7
Bruno,2026-04-21,541,82.4,8,38.1,0.818,0.3622,22,8,8,22,8,0,0,62
Bruno,2026-04-28,264,62.3,2,42.2,0.545,0.1025,24,7,2,24,5,4,0,0
Helena,2026-04-07,112,23.5,0,,,,12,2,0,12,1,0,0,0
Helena,2026-04-21,516,84.0,22,45.5,0.714,0.0901,13,7,22,13,20,0,0,19
Iris,2026-04-07,100,23.4,0,,,,9,2,0,9,7,0,0,0
Iris,2026-04-21,292,82.1,13,49.5,0.591,0.0883,17,7,13,17,77,0,0,0
Irma,2026-04-07,118,35.7,0,,,,10,2,0,10,2,0,0,6
Irma,2026-04-21,450,83.4,18,46.8,0.51,0.1275,11,6,18,11,17,0,0,7
Irma,2026-04-28,502,73.6,15,9.0,0.659,0.16,26,8,15,26,10,0,0,60
Isabel,2026-04-07,85,22.6,0,,,,9,2,0,9,1,0,0,3
Isabel,2026-04-21,481,83.5,12,46.2,0.75,0.065,9,6,12,9,22,0,0,20
Isabel,2026-04-28,405,71.9,7,28.3,0,0.2664,13,7,7,13,12,0,0,9
Marco,2026-04-07,26,19.3,0,,,,2,2,0,2,0,0,0,0
Marco,2026-04-21,535,84.3,14,44.3,0.659,0.1677,15,8,14,15,6,0,0,97
Marco,2026-04-28,293,75.8,11,16.6,0.3,0.1292,13,8,11,13,3,0,0,51
Marcus,2026-04-07,155,22.2,2,16.3,0.215,0.1075,19,2,2,19,0,0,0,0
Marcus,2026-04-21,278,85.0,10,46.4,0.543,0.1997,9,7,10,9,4,0,0,21
Melinda,2026-04-07,145,21.6,0,,,,13,3,0,13,0,0,0,22
Melinda,2026-04-28,460,73.2,27,13.2,0.9,0.0933,14,8,27,14,29,0,0,40
Nadia,2026-04-07,133,23.1,0,,,,11,2,0,11,2,0,0,12
Nadia,2026-04-21,367,76.1,18,48.2,0.778,0.0636,20,8,18,20,12,0,0,3
Nadia,2026-04-28,617,74.6,12,13.5,0.923,0.0664,24,7,12,24,273,0,0,19
Serena,2026-04-07,124,23.3,0,,,,12,2,0,12,1,0,0,0
Serena,2026-04-28,1274,63.1,32,7.9,0.477,0.1473,34,10,32,34,27,3,0,185
Shana,2026-04-07,128,35.6,0,,,,10,2,0,10,3,0,0,9
Shana,2026-04-21,364,86.1,13,46.1,0.725,0.2377,13,5,13,13,5,0,0,2
Sheila,2026-04-07,107,35.5,0,,,,9,2,0,9,1,0,0,0
Sheila,2026-04-21,398,81.4,9,45.9,0.775,0.2409,11,7,9,11,42,0,0,14
Ulysses,2026-04-07,44,22.4,0,,,,3,2,0,3,0,0,0,0
Ulysses,2026-04-21,333,82.1,12,45.8,0.5,0.0877,8,7,12,8,35,0,0,1
Ulysses,2026-04-28,133,65.5,5,22.1,0.583,0.0711,7,6,5,7,1,0,0,15
Zara,2026-04-07,278,37.2,0,,,,13,2,0,13,4,3,0,48
Zara,2026-04-21,345,83.3,18,45.1,0.762,0.0943,18,8,18,18,19,0,0,1
Zara,2026-04-28,311,73.8,12,19.3,0.385,0.2583,14,5,12,14,11,0,0,5
