card_id,name_tr,name_en,label,energy_kcal,fat_g,saturated_fat_g,carbohydrates_g,sugar_g,protein_g,salt_g
cucumber,Salatalık,Cucumber,recommended,12,0.1,0.0,3.6,1.7,0.7,0.0
potato,Patates,Potato,recommended,71,0.1,0.0,15.0,0.8,1.7,2.0
apple,Elma,Apple,recommended,52,0.2,0.0,13.8,11.0,0.3,0.0
raspberry_jam,Ahududu reçeli,Raspberry jam,not_recommended,223,0.2,0.0,52.2,51.7,0.7,0.0
oats,Yulaf,Oats,recommended,368,7.0,1.5,58.7,0.7,13.5,0.0
gummy_bears,Jelibon,Gummy bears,not_recommended,343,0.1,0.1,77.0,46.0,6.9,0.1
avocado,Avokado,Avocado,recommended,160,13.0,2.8,2.0,0.7,1.5,0.1
milk_chocolate,Sütlü çikolata,Milk chocolate,not_recommended,530,29.5,17.5,58.5,57.5,6.6,0.2
crispbread,Kraker,Crispbread,recommended,349,3.0,0.7,61.0,0.7,12.0,0.5
french_fries,Patates kızartması,French fries,not_recommended,289,14.0,1.3,36.0,0.3,3.4,0.7
popcorn,Patlamış mısır,Popcorn,not_recommended,499,23.0,13.8,57.0,3.8,10.7,1.8
