student_id,cohort_year,episode_id,episode_index,dominant_category,anchor_event,start_ms,end_ms,duration_ms,step_count,step_indices,step_indices_min,step_indices_max,assistance_status,notes,codes_observed_count,codes_observed,codebook_id,schema_version,source_generated_at
Ally,2025,ep_0000,0,EXPLORE,LOAD_DATASET,63187,63187,0,1,[0],0,0,independent,,0,[],VIDEO_PROCESS_CODEBOOK_v1,1.0,2026-07-20T18:41:59.564241+00:00
Ally,2025,ep_0001,1,TUNE,EMIT_TREE,486749,798027,311278,6,"[1, 2, 3, 4, 5, 6]",1,6,independent,,0,[],VIDEO_PROCESS_CODEBOOK_v1,1.0,2026-07-20T18:41:59.564241+00:00
Ally,2025,ep_0002,2,EVALUATE,EMIT_TREE,633582,798027,164445,2,"[7, 8]",7,8,instructor,,0,[],VIDEO_PROCESS_CODEBOOK_v1,1.0,2026-07-20T18:41:59.564241+00:00
Ally,2025,ep_0003,3,TUNE,CREATE_GRAPH,633582,633582,0,1,[9],9,9,independent,,1,"[""V1A_systematic_iteration""]",VIDEO_PROCESS_CODEBOOK_v1,1.0,2026-07-20T18:41:59.564241+00:00
Ally,2025,ep_0004,4,EXPLORE,SET_AXIS,150116,150116,0,1,[10],10,10,independent,,0,[],VIDEO_PROCESS_CODEBOOK_v1,1.0,2026-07-20T18:41:59.564241+00:00
Ally,2025,ep_0005,5,TUNE,UPDATE_MOVABLE_VALUE,176480,176480,0,1,[11],11,11,independent,,1,"[""V1A_systematic_iteration""]",VIDEO_PROCESS_CODEBOOK_v1,1.0,2026-07-20T18:41:59.564241+00:00
Ally,2025,ep_0006,6,EXPLORE,SET_AXIS,176480,268903,92423,2,"[12, 13]",12,13,independent,,0,[],VIDEO_PROCESS_CODEBOOK_v1,1.0,2026-07-20T18:41:59.564241+00:00
Ally,2025,ep_0007,7,TUNE,UPDATE_MOVABLE_VALUE,409610,409610,0,1,[14],14,14,independent,,1,"[""V1A_systematic_iteration""]",VIDEO_PROCESS_CODEBOOK_v1,1.0,2026-07-20T18:41:59.564241+00:00
Ally,2025,ep_0008,8,EXPLORE,SET_AXIS,409610,409610,0,1,[15],15,15,independent,,0,[],VIDEO_PROCESS_CODEBOOK_v1,1.0,2026-07-20T18:41:59.564241+00:00
Ally,2025,ep_0009,9,TUNE,EMIT_TREE,150116,798027,647911,11,"[16, 17, 18, 19, 20, 21, 22, 23, 24, 25, 26]",16,26,independent,,0,[],VIDEO_PROCESS_CODEBOOK_v1,1.0,2026-07-20T18:41:59.564241+00:00
Ally,2025,ep_0010,10,EVALUATE,EMIT_TREE,413394,413394,0,1,[27],27,27,instructor,,1,"[""V5B_dependent_execution""]",VIDEO_PROCESS_CODEBOOK_v1,1.0,2026-07-20T18:41:59.564241+00:00
Ally,2025,ep_0011,11,TUNE,EMIT_TREE,413394,433477,20083,6,"[28, 29, 30, 31, 32, 33]",28,33,independent,,1,"[""V7A_no_metric_inspection""]",VIDEO_PROCESS_CODEBOOK_v1,1.0,2026-07-20T18:41:59.564241+00:00
Ally,2025,ep_0012,12,EVALUATE,CREATE_GRAPH,150116,150116,0,1,[34],34,34,independent,,1,"[""V1A_systematic_iteration""]",VIDEO_PROCESS_CODEBOOK_v1,1.0,2026-07-20T18:41:59.564241+00:00
Ally,2025,ep_0013,13,EXPLORE,SET_AXIS,150116,150116,0,2,"[35, 36]",35,36,independent,,0,[],VIDEO_PROCESS_CODEBOOK_v1,1.0,2026-07-20T18:41:59.564241+00:00
Barbara,2025,ep_0000,0,EXPLORE,LOAD_DATASET,279496,709763,430267,3,"[0, 1, 2]",0,2,independent,,0,[],VIDEO_PROCESS_CODEBOOK_v1,1.0,2026-07-20T18:41:59.602095+00:00
Barbara,2025,ep_0001,1,TUNE,EMIT_TREE,1600441,2330889,730448,5,"[3, 4, 5, 6, 7]",3,7,independent,,0,[],VIDEO_PROCESS_CODEBOOK_v1,1.0,2026-07-20T18:41:59.602095+00:00
Barbara,2025,ep_0002,2,MISCONCEPTION,EMIT_TREE,1601459,1601459,0,1,[8],8,8,instructor,,0,[],VIDEO_PROCESS_CODEBOOK_v1,1.0,2026-07-20T18:41:59.602095+00:00
Barbara,2025,ep_0003,3,EXPLORE,SEEK_HELP_OR_DIALOGUE,2330889,2330889,0,1,[9],9,9,instructor,,1,"[""V5B_dependent_execution""]",VIDEO_PROCESS_CODEBOOK_v1,1.0,2026-07-20T18:41:59.602095+00:00
Barbara,2025,ep_0004,4,TUNE,EMIT_TREE,1601459,2330889,729430,3,"[10, 11, 12]",10,12,independent,,0,[],VIDEO_PROCESS_CODEBOOK_v1,1.0,2026-07-20T18:41:59.602095+00:00
Barbara,2025,ep_0005,5,EVALUATE,EMIT_TREE,1601459,1601459,0,1,[13],13,13,independent,,2,"[""V1A_systematic_iteration"", ""V7A_no_metric_inspection""]",VIDEO_PROCESS_CODEBOOK_v1,1.0,2026-07-20T18:41:59.602095+00:00
Barbara,2025,ep_0006,6,TUNE,EMIT_TREE,1601459,3055852,1454393,4,"[14, 15, 16, 17]",14,17,independent,,2,"[""V1A_systematic_iteration"", ""V7A_no_metric_inspection""]",VIDEO_PROCESS_CODEBOOK_v1,1.0,2026-07-20T18:41:59.602095+00:00
Barbara,2025,ep_0007,7,EXPLORE,COMPARE_MODELS,,,,1,[18],18,18,instructor,,1,"[""V5B_dependent_execution""]",VIDEO_PROCESS_CODEBOOK_v1,1.0,2026-07-20T18:41:59.602095+00:00
Barbara,2025,ep_0008,8,MISCONCEPTION,INTERPRET_METRICS,,,,1,[19],19,19,independent,,0,[],VIDEO_PROCESS_CODEBOOK_v1,1.0,2026-07-20T18:41:59.602095+00:00
Barbara,2025,ep_0009,9,EXPLORE,SEEK_HELP_OR_DIALOGUE,4071350,4314944,243594,2,"[20, 21]",20,21,instructor,,1,"[""V5B_dependent_execution""]",VIDEO_PROCESS_CODEBOOK_v1,1.0,2026-07-20T18:41:59.602095+00:00
Bob,2025,ep_0000,0,EXPLORE,LOAD_DATASET,252883,252883,0,1,[0],0,0,independent,,0,[],VIDEO_PROCESS_CODEBOOK_v1,1.0,2026-07-20T18:41:59.619004+00:00
Bob,2025,ep_0001,1,TUNE,EMIT_TREE,471883,1668750,1196867,3,"[1, 2, 3]",1,3,independent,,0,[],VIDEO_PROCESS_CODEBOOK_v1,1.0,2026-07-20T18:41:59.619004+00:00
Boris,2025,ep_0000,0,EXPLORE,SET_TARGET_ATTRIBUTE,164994,920155,755161,15,"[0, 1, 2, 3, 4, 5, 6, 7, 8, 9, 10, 11, 12, 13, 14]",0,14,independent,,0,[],VIDEO_PROCESS_CODEBOOK_v1,1.0,2026-07-20T18:41:59.635988+00:00
Boris,2025,ep_0001,1,TUNE,SET_AXIS,829375,829375,0,1,[15],15,15,independent,,0,[],VIDEO_PROCESS_CODEBOOK_v1,1.0,2026-07-20T18:41:59.635988+00:00
Boris,2025,ep_0002,2,EXPLORE,SET_AXIS,1122279,1122279,0,1,[16],16,16,independent,,0,[],VIDEO_PROCESS_CODEBOOK_v1,1.0,2026-07-20T18:41:59.635988+00:00
Boris,2025,ep_0003,3,TUNE,EMIT_TREE,1007721,1122279,114558,4,"[17, 18, 19, 20]",17,20,independent,,0,[],VIDEO_PROCESS_CODEBOOK_v1,1.0,2026-07-20T18:41:59.635988+00:00
Boris,2025,ep_0004,4,EVALUATE,SET_AXIS,1344010,1344010,0,1,[21],21,21,independent,,0,[],VIDEO_PROCESS_CODEBOOK_v1,1.0,2026-07-20T18:41:59.635988+00:00
Boris,2025,ep_0005,5,TUNE,EMIT_TREE,1440512,1440512,0,1,[22],22,22,independent,,2,"[""V1A_systematic_iteration"", ""V7A_no_metric_inspection""]",VIDEO_PROCESS_CODEBOOK_v1,1.0,2026-07-20T18:41:59.635988+00:00
Boris,2025,ep_0006,6,EXPLORE,CREATE_GRAPH,1491349,1701505,210156,5,"[23, 24, 25, 26, 27]",23,27,independent,,0,[],VIDEO_PROCESS_CODEBOOK_v1,1.0,2026-07-20T18:41:59.635988+00:00
Boris,2025,ep_0007,7,TUNE,EMIT_TREE,1541337,1624831,83494,4,"[28, 29, 30, 31]",28,31,independent,,2,"[""V1A_systematic_iteration"", ""V7A_no_metric_inspection""]",VIDEO_PROCESS_CODEBOOK_v1,1.0,2026-07-20T18:41:59.635988+00:00
Boris,2025,ep_0008,8,EVALUATE,SELECT_CTR_ROW,1704100,1704100,0,1,[32],32,32,instructor,,2,"[""V5B_dependent_execution"", ""V8C_ctr_in_place_edit""]",VIDEO_PROCESS_CODEBOOK_v1,1.0,2026-07-20T18:41:59.635988+00:00
Boris,2025,ep_0009,9,TUNE,UPDATE_MOVABLE_VALUE,1885864,1964005,78141,4,"[33, 34, 35, 36]",33,36,independent,,1,"[""V1A_systematic_iteration""]",VIDEO_PROCESS_CODEBOOK_v1,1.0,2026-07-20T18:41:59.635988+00:00
Boris,2025,ep_0010,10,EXPLORE,SET_AXIS,2177006,2320245,143239,2,"[37, 38]",37,38,independent,,0,[],VIDEO_PROCESS_CODEBOOK_v1,1.0,2026-07-20T18:41:59.635988+00:00
Boris,2025,ep_0011,11,TUNE,UPDATE_MOVABLE_VALUE,2191943,2191943,0,1,[39],39,39,independent,,1,"[""V1A_systematic_iteration""]",VIDEO_PROCESS_CODEBOOK_v1,1.0,2026-07-20T18:41:59.635988+00:00
Boris,2025,ep_0012,12,EXPLORE,SET_AXIS,2166955,2166955,0,1,[40],40,40,independent,,0,[],VIDEO_PROCESS_CODEBOOK_v1,1.0,2026-07-20T18:41:59.635988+00:00
Boris,2025,ep_0013,13,EVALUATE,UPDATE_MOVABLE_VALUE,2166955,2166955,0,1,[41],41,41,instructor,,2,"[""V1A_systematic_iteration"", ""V5B_dependent_execution""]",VIDEO_PROCESS_CODEBOOK_v1,1.0,2026-07-20T18:41:59.635988+00:00
Boris,2025,ep_0014,14,TUNE,EMIT_TREE,2166955,2871170,704215,4,"[42, 43, 44, 45]",42,45,independent,,2,"[""V1A_systematic_iteration"", ""V7A_no_metric_inspection""]",VIDEO_PROCESS_CODEBOOK_v1,1.0,2026-07-20T18:41:59.635988+00:00
Boris,2025,ep_0015,15,EVALUATE,EMIT_TREE,2909192,2909192,0,1,[46],46,46,independent,,2,"[""V1A_systematic_iteration"", ""V7A_no_metric_inspection""]",VIDEO_PROCESS_CODEBOOK_v1,1.0,2026-07-20T18:41:59.635988+00:00
Boris,2025,ep_0016,16,TUNE,EMIT_TREE,4217440,4217440,0,1,[47],47,47,independent,,2,"[""V1A_systematic_iteration"", ""V7A_no_metric_inspection""]",VIDEO_PROCESS_CODEBOOK_v1,1.0,2026-07-20T18:41:59.635988+00:00
Boris,2025,ep_0017,17,EVALUATE,EMIT_TREE,2993492,2993492,0,1,[48],48,48,independent,,1,"[""V7A_no_metric_inspection""]",VIDEO_PROCESS_CODEBOOK_v1,1.0,2026-07-20T18:41:59.635988+00:00
Boris,2025,ep_0018,18,EXPLORE,TRAIN_TEST_SPLIT,,,,1,[49],49,49,independent,,0,[],VIDEO_PROCESS_CODEBOOK_v1,1.0,2026-07-20T18:41:59.635988+00:00
Boris,2025,ep_0019,19,TUNE,EMIT_TREE,3979958,3979958,0,1,[50],50,50,independent,,0,[],VIDEO_PROCESS_CODEBOOK_v1,1.0,2026-07-20T18:41:59.635988+00:00
Boris,2025,ep_0020,20,EVALUATE,DRAG_SPLIT_ATTRIBUTE,4178111,4178111,0,1,[51],51,51,independent,,0,[],VIDEO_PROCESS_CODEBOOK_v1,1.0,2026-07-20T18:41:59.635988+00:00
Boris,2025,ep_0021,21,TUNE,EMIT_TREE,4217440,4217440,0,1,[52],52,52,independent,,2,"[""V1A_systematic_iteration"", ""V7A_no_metric_inspection""]",VIDEO_PROCESS_CODEBOOK_v1,1.0,2026-07-20T18:41:59.635988+00:00
Boris,2025,ep_0022,22,EXPLORE,TRAIN_TEST_SPLIT,3881644,3881644,0,2,"[53, 54]",53,54,instructor,,1,"[""V5B_dependent_execution""]",VIDEO_PROCESS_CODEBOOK_v1,1.0,2026-07-20T18:41:59.635988+00:00
Calvin,2025,ep_0000,0,EXPLORE,SET_TARGET_ATTRIBUTE,462223,484432,22209,3,"[0, 1, 2]",0,2,independent,,0,[],VIDEO_PROCESS_CODEBOOK_v1,1.0,2026-07-20T18:41:59.682408+00:00
Calvin,2025,ep_0001,1,TUNE,SET_TARGET_ATTRIBUTE,546615,880995,334380,4,"[3, 4, 5, 6]",3,6,independent,,1,"[""V1A_systematic_iteration""]",VIDEO_PROCESS_CODEBOOK_v1,1.0,2026-07-20T18:41:59.682408+00:00
Calvin,2025,ep_0002,2,EXPLORE,SET_TARGET_ATTRIBUTE,766493,1008955,242462,2,"[7, 8]",7,8,independent,,0,[],VIDEO_PROCESS_CODEBOOK_v1,1.0,2026-07-20T18:41:59.682408+00:00
Calvin,2025,ep_0003,3,TUNE,SET_TARGET_ATTRIBUTE,880995,1092673,211678,3,"[9, 10, 11]",9,11,independent,,1,"[""V1A_systematic_iteration""]",VIDEO_PROCESS_CODEBOOK_v1,1.0,2026-07-20T18:41:59.682408+00:00
Calvin,2025,ep_0004,4,EXPLORE,SET_TARGET_ATTRIBUTE,883178,883178,0,2,"[12, 13]",12,13,instructor,,0,[],VIDEO_PROCESS_CODEBOOK_v1,1.0,2026-07-20T18:41:59.682408+00:00
Calvin,2025,ep_0005,5,TUNE,EMIT_TREE,1519537,1714115,194578,4,"[14, 15, 16, 17]",14,17,instructor,,0,[],VIDEO_PROCESS_CODEBOOK_v1,1.0,2026-07-20T18:41:59.682408+00:00
Calvin,2025,ep_0006,6,EVALUATE,SEEK_HELP_OR_DIALOGUE,1754148,1754148,0,1,[18],18,18,instructor,,1,"[""V5B_dependent_execution""]",VIDEO_PROCESS_CODEBOOK_v1,1.0,2026-07-20T18:41:59.682408+00:00
Calvin,2025,ep_0007,7,TUNE,EMIT_TREE,1796200,1909592,113392,3,"[19, 20, 21]",19,21,independent,,2,"[""V1A_systematic_iteration"", ""V7A_no_metric_inspection""]",VIDEO_PROCESS_CODEBOOK_v1,1.0,2026-07-20T18:41:59.682408+00:00
Calvin,2025,ep_0008,8,EVALUATE,EMIT_TREE,1909592,1909592,0,1,[22],22,22,independent,,1,"[""V7A_no_metric_inspection""]",VIDEO_PROCESS_CODEBOOK_v1,1.0,2026-07-20T18:41:59.682408+00:00
Calvin,2025,ep_0009,9,TUNE,EMIT_TREE,2029735,2048320,18585,2,"[23, 24]",23,24,independent,,1,"[""V7A_no_metric_inspection""]",VIDEO_PROCESS_CODEBOOK_v1,1.0,2026-07-20T18:41:59.682408+00:00
Calvin,2025,ep_0010,10,EVALUATE,EMIT_TREE,2108970,2919982,811012,3,"[25, 26, 27]",25,27,independent,,2,"[""V7A_no_metric_inspection"", ""V8C_ctr_in_place_edit""]",VIDEO_PROCESS_CODEBOOK_v1,1.0,2026-07-20T18:41:59.682408+00:00
Daisy,2025,ep_0000,0,EXPLORE,LOAD_DATASET,440793,699065,258272,9,"[0, 1, 2, 3, 4, 5, 6, 7, 8]",0,8,independent,,1,"[""V3B_disengagement_passivity""]",VIDEO_PROCESS_CODEBOOK_v1,1.0,2026-07-20T18:41:59.727838+00:00
Daisy,2025,ep_0001,1,TUNE,EMIT_TREE,722873,1148402,425529,6,"[9, 10, 11, 12, 13, 14]",9,14,independent,,2,"[""V1A_systematic_iteration"", ""V7A_no_metric_inspection""]",VIDEO_PROCESS_CODEBOOK_v1,1.0,2026-07-20T18:41:59.727838+00:00
Daisy,2025,ep_0002,2,EXPLORE,SET_AXIS,1091378,1165852,74474,2,"[15, 16]",15,16,independent,,0,[],VIDEO_PROCESS_CODEBOOK_v1,1.0,2026-07-20T18:41:59.727838+00:00
Daisy,2025,ep_0003,3,TUNE,EMIT_TREE,1039344,1333147,293803,5,"[17, 18, 19, 20, 21]",17,21,independent,,2,"[""V1A_systematic_iteration"", ""V7A_no_metric_inspection""]",VIDEO_PROCESS_CODEBOOK_v1,1.0,2026-07-20T18:41:59.727838+00:00
Daisy,2025,ep_0004,4,EVALUATE,EMIT_TREE,1136057,1136057,0,1,[22],22,22,independent,,1,"[""V7A_no_metric_inspection""]",VIDEO_PROCESS_CODEBOOK_v1,1.0,2026-07-20T18:41:59.727838+00:00
Daisy,2025,ep_0005,5,TUNE,EMIT_TREE,1049863,1089562,39699,3,"[23, 24, 25]",23,25,independent,,2,"[""V1A_systematic_iteration"", ""V7A_no_metric_inspection""]",VIDEO_PROCESS_CODEBOOK_v1,1.0,2026-07-20T18:41:59.727838+00:00
Daisy,2025,ep_0006,6,EXPLORE,SET_AXIS,1040396,1096235,55839,3,"[26, 27, 28]",26,28,independent,,0,[],VIDEO_PROCESS_CODEBOOK_v1,1.0,2026-07-20T18:41:59.727838+00:00
Daisy,2025,ep_0007,7,TUNE,EMIT_TREE,1128662,1348049,219387,9,"[29, 30, 31, 32, 33, 34, 35, 36, 37]",29,37,independent,,3,"[""V1A_systematic_iteration"", ""V7A_no_metric_inspection"", ""V8B_table_sort_threshold""]",VIDEO_PROCESS_CODEBOOK_v1,1.0,2026-07-20T18:41:59.727838+00:00
Daryl,2025,ep_0000,0,EXPLORE,SET_TARGET_ATTRIBUTE,17,87578,87561,7,"[0, 1, 2, 3, 4, 5, 6]",0,6,independent,,0,[],VIDEO_PROCESS_CODEBOOK_v1,1.0,2026-07-20T18:41:59.747622+00:00
Daryl,2025,ep_0001,1,TUNE,EMIT_TREE,259765,332395,72630,2,"[7, 8]",7,8,independent,,0,[],VIDEO_PROCESS_CODEBOOK_v1,1.0,2026-07-20T18:41:59.747622+00:00
Daryl,2025,ep_0002,2,EXPLORE,OPEN_ARBOR,273303,273303,0,2,"[9, 10]",9,10,independent,,0,[],VIDEO_PROCESS_CODEBOOK_v1,1.0,2026-07-20T18:41:59.747622+00:00
Daryl,2025,ep_0003,3,TUNE,EMIT_TREE,288210,555493,267283,4,"[11, 12, 13, 14]",11,14,independent,,0,[],VIDEO_PROCESS_CODEBOOK_v1,1.0,2026-07-20T18:41:59.747622+00:00
Daryl,2025,ep_0004,4,EXPLORE,OPEN_ARBOR,332395,332395,0,2,"[15, 16]",15,16,independent,,0,[],VIDEO_PROCESS_CODEBOOK_v1,1.0,2026-07-20T18:41:59.747622+00:00
Daryl,2025,ep_0005,5,TUNE,EMIT_TREE,251645,251645,0,1,[17],17,17,independent,,2,"[""V1A_systematic_iteration"", ""V7A_no_metric_inspection""]",VIDEO_PROCESS_CODEBOOK_v1,1.0,2026-07-20T18:41:59.747622+00:00
Daryl,2025,ep_0006,6,EXPLORE,OPEN_ARBOR,17,17,0,2,"[18, 19]",18,19,independent,,0,[],VIDEO_PROCESS_CODEBOOK_v1,1.0,2026-07-20T18:41:59.747622+00:00
Daryl,2025,ep_0007,7,TUNE,EMIT_TREE,79833,422398,342565,3,"[20, 21, 22]",20,22,independent,,2,"[""V1A_systematic_iteration"", ""V7A_no_metric_inspection""]",VIDEO_PROCESS_CODEBOOK_v1,1.0,2026-07-20T18:41:59.747622+00:00
Daryl,2025,ep_0008,8,EXPLORE,TRAIN_TEST_SPLIT,524582,540105,15523,2,"[23, 24]",23,24,independent,,0,[],VIDEO_PROCESS_CODEBOOK_v1,1.0,2026-07-20T18:41:59.747622+00:00
Daryl,2025,ep_0009,9,TUNE,EMIT_TREE,555493,555493,0,1,[25],25,25,independent,,1,"[""V7A_no_metric_inspection""]",VIDEO_PROCESS_CODEBOOK_v1,1.0,2026-07-20T18:41:59.747622+00:00
David,2025,ep_0000,0,EXPLORE,LOAD_DATASET,197096,197096,0,1,[0],0,0,independent,,0,[],VIDEO_PROCESS_CODEBOOK_v1,1.0,2026-07-20T18:41:59.772388+00:00
David,2025,ep_0001,1,EVALUATE,EMIT_TREE,210595,210595,0,1,[1],1,1,independent,,0,[],VIDEO_PROCESS_CODEBOOK_v1,1.0,2026-07-20T18:41:59.772388+00:00
David,2025,ep_0002,2,EXPLORE,ASSIGN_LEAF_LABEL,233517,233517,0,1,[2],2,2,independent,,0,[],VIDEO_PROCESS_CODEBOOK_v1,1.0,2026-07-20T18:41:59.772388+00:00
David,2025,ep_0003,3,TUNE,EMIT_TREE,258030,448996,190966,4,"[3, 4, 5, 6]",3,6,independent,,1,"[""V7A_no_metric_inspection""]",VIDEO_PROCESS_CODEBOOK_v1,1.0,2026-07-20T18:41:59.772388+00:00
David,2025,ep_0004,4,EVALUATE,EMIT_TREE,732211,732211,0,1,[7],7,7,independent,,1,"[""V7A_no_metric_inspection""]",VIDEO_PROCESS_CODEBOOK_v1,1.0,2026-07-20T18:41:59.772388+00:00
David,2025,ep_0005,5,TUNE,EMIT_TREE,,,,1,[8],8,8,independent,,1,"[""V7A_no_metric_inspection""]",VIDEO_PROCESS_CODEBOOK_v1,1.0,2026-07-20T18:41:59.772388+00:00
David,2025,ep_0006,6,EVALUATE,COMPARE_MODELS,522445,522445,0,1,[9],9,9,independent,,0,[],VIDEO_PROCESS_CODEBOOK_v1,1.0,2026-07-20T18:41:59.772388+00:00
David,2025,ep_0007,7,TUNE,EMIT_TREE,451679,451679,0,1,[10],10,10,independent,,1,"[""V7A_no_metric_inspection""]",VIDEO_PROCESS_CODEBOOK_v1,1.0,2026-07-20T18:41:59.772388+00:00
David,2025,ep_0008,8,MISCONCEPTION,SELECT_CTR_ROW,,,,1,[11],11,11,instructor,,3,"[""V4A_productive_recovery"", ""V5B_dependent_execution"", ""V8C_ctr_in_place_edit""]",VIDEO_PROCESS_CODEBOOK_v1,1.0,2026-07-20T18:41:59.772388+00:00
David,2025,ep_0009,9,EXPLORE,SEEK_HELP_OR_DIALOGUE,732211,732211,0,1,[12],12,12,peer,,1,"[""V5B_dependent_execution""]",VIDEO_PROCESS_CODEBOOK_v1,1.0,2026-07-20T18:41:59.772388+00:00
David,2025,ep_0010,10,EVALUATE,EMIT_TREE,922926,945028,22102,3,"[13, 14, 15]",13,15,independent,,2,"[""V1A_systematic_iteration"", ""V7A_no_metric_inspection""]",VIDEO_PROCESS_CODEBOOK_v1,1.0,2026-07-20T18:41:59.772388+00:00
David,2025,ep_0011,11,TUNE,EMIT_TREE,934888,934888,0,1,[16],16,16,independent,,1,"[""V7A_no_metric_inspection""]",VIDEO_PROCESS_CODEBOOK_v1,1.0,2026-07-20T18:41:59.772388+00:00
David,2025,ep_0012,12,EVALUATE,EMIT_TREE,945028,1182830,237802,2,"[17, 18]",17,18,independent,,1,"[""V7A_no_metric_inspection""]",VIDEO_PROCESS_CODEBOOK_v1,1.0,2026-07-20T18:41:59.772388+00:00
David,2025,ep_0013,13,TUNE,EMIT_TREE,1254635,1479822,225187,4,"[19, 20, 21, 22]",19,22,independent,,2,"[""V1A_systematic_iteration"", ""V7A_no_metric_inspection""]",VIDEO_PROCESS_CODEBOOK_v1,1.0,2026-07-20T18:41:59.772388+00:00
David,2025,ep_0014,14,EXPLORE,COMPARE_MODELS,1182830,1182830,0,1,[23],23,23,independent,,0,[],VIDEO_PROCESS_CODEBOOK_v1,1.0,2026-07-20T18:41:59.772388+00:00
David,2025,ep_0015,15,TUNE,EMIT_TREE,945028,1744146,799118,5,"[24, 25, 26, 27, 28]",24,28,independent,,2,"[""V1A_systematic_iteration"", ""V7A_no_metric_inspection""]",VIDEO_PROCESS_CODEBOOK_v1,1.0,2026-07-20T18:41:59.772388+00:00
David,2025,ep_0016,16,EVALUATE,INTERPRET_METRICS,1844641,1844641,0,1,[29],29,29,instructor,,4,"[""V1A_systematic_iteration"", ""V2A_hesitation_disorientation"", ""V5B_dependent_execution"", ""V6C_metric_scope_awareness""]",VIDEO_PROCESS_CODEBOOK_v1,1.0,2026-07-20T18:41:59.772388+00:00
David,2025,ep_0017,17,EXPLORE,SEEK_HELP_OR_DIALOGUE,,,,1,[30],30,30,instructor,,1,"[""V5B_dependent_execution""]",VIDEO_PROCESS_CODEBOOK_v1,1.0,2026-07-20T18:41:59.772388+00:00
Edgar,2025,ep_0000,0,EXPLORE,SET_TARGET_ATTRIBUTE,0,0,0,8,"[0, 1, 2, 3, 4, 5, 6, 7]",0,7,independent,,1,"[""V3B_disengagement_passivity""]",VIDEO_PROCESS_CODEBOOK_v1,1.0,2026-07-20T18:41:59.806726+00:00
Edgar,2025,ep_0001,1,TUNE,DRAG_SPLIT_ATTRIBUTE,0,0,0,2,"[8, 9]",8,9,independent,,0,[],VIDEO_PROCESS_CODEBOOK_v1,1.0,2026-07-20T18:41:59.806726+00:00
Edgar,2025,ep_0002,2,EXPLORE,SET_TARGET_ATTRIBUTE,0,0,0,1,[10],10,10,independent,,0,[],VIDEO_PROCESS_CODEBOOK_v1,1.0,2026-07-20T18:41:59.806726+00:00
Edgar,2025,ep_0003,3,TUNE,DRAG_SPLIT_ATTRIBUTE,0,0,0,5,"[11, 12, 13, 14, 15]",11,15,independent,,0,[],VIDEO_PROCESS_CODEBOOK_v1,1.0,2026-07-20T18:41:59.806726+00:00
Edgar,2025,ep_0004,4,EXPLORE,DELETE_TREE_OR_CTR_ROW,0,0,0,1,[16],16,16,independent,,0,[],VIDEO_PROCESS_CODEBOOK_v1,1.0,2026-07-20T18:41:59.806726+00:00
Edgar,2025,ep_0005,5,TUNE,EMIT_TREE,0,0,0,7,"[17, 18, 19, 20, 21, 22, 23]",17,23,independent,,2,"[""V1A_systematic_iteration"", ""V7A_no_metric_inspection""]",VIDEO_PROCESS_CODEBOOK_v1,1.0,2026-07-20T18:41:59.806726+00:00
Edgar,2025,ep_0006,6,MISCONCEPTION,INTERPRET_METRICS,0,0,0,1,[24],24,24,instructor,,1,"[""V5B_dependent_execution""]",VIDEO_PROCESS_CODEBOOK_v1,1.0,2026-07-20T18:41:59.806726+00:00
Edgar,2025,ep_0007,7,TUNE,SET_TARGET_ATTRIBUTE,0,0,0,2,"[25, 26]",25,26,independent,,0,[],VIDEO_PROCESS_CODEBOOK_v1,1.0,2026-07-20T18:41:59.806726+00:00
Edgar,2025,ep_0008,8,EVALUATE,SELECT_CTR_ROW,0,0,0,1,[27],27,27,independent,,1,"[""V8C_ctr_in_place_edit""]",VIDEO_PROCESS_CODEBOOK_v1,1.0,2026-07-20T18:41:59.806726+00:00
Edgar,2025,ep_0009,9,EXPLORE,TRAIN_TEST_SPLIT,0,0,0,3,"[28, 29, 30]",28,30,independent,,2,"[""V1A_systematic_iteration"", ""V8D_import_failure_recovery""]",VIDEO_PROCESS_CODEBOOK_v1,1.0,2026-07-20T18:41:59.806726+00:00
Edgar,2025,ep_0010,10,MISCONCEPTION,ERROR_SCREEN,0,0,0,1,[31],31,31,independent,,2,"[""V2A_hesitation_disorientation"", ""V8D_import_failure_recovery""]",VIDEO_PROCESS_CODEBOOK_v1,1.0,2026-07-20T18:41:59.806726+00:00
Edgar,2025,ep_0011,11,EXPLORE,IMPORT_TREE,0,0,0,1,[32],32,32,independent,,1,"[""V8D_import_failure_recovery""]",VIDEO_PROCESS_CODEBOOK_v1,1.0,2026-07-20T18:41:59.806726+00:00
Edgar,2025,ep_0012,12,MISCONCEPTION,ERROR_SCREEN,0,0,0,1,[33],33,33,independent,,1,"[""V8D_import_failure_recovery""]",VIDEO_PROCESS_CODEBOOK_v1,1.0,2026-07-20T18:41:59.806726+00:00
Edgar,2025,ep_0013,13,EXPLORE,SET_TARGET_ATTRIBUTE,0,0,0,2,"[34, 35]",34,35,independent,,1,"[""V8D_import_failure_recovery""]",VIDEO_PROCESS_CODEBOOK_v1,1.0,2026-07-20T18:41:59.806726+00:00
Edgar,2025,ep_0014,14,TUNE,DRAG_SPLIT_ATTRIBUTE,0,0,0,1,[36],36,36,independent,,0,[],VIDEO_PROCESS_CODEBOOK_v1,1.0,2026-07-20T18:41:59.806726+00:00
Edgar,2025,ep_0015,15,EVALUATE,DELETE_TREE_OR_CTR_ROW,0,0,0,1,[37],37,37,independent,,1,"[""V8D_import_failure_recovery""]",VIDEO_PROCESS_CODEBOOK_v1,1.0,2026-07-20T18:41:59.806726+00:00
Edgar,2025,ep_0016,16,TUNE,EMIT_TREE,0,0,0,8,"[38, 39, 40, 41, 42, 43, 44, 45]",38,45,independent,,3,"[""V1A_systematic_iteration"", ""V4A_productive_recovery"", ""V7A_no_metric_inspection""]",VIDEO_PROCESS_CODEBOOK_v1,1.0,2026-07-20T18:41:59.806726+00:00
Edgar,2025,ep_0017,17,EXPLORE,SET_AXIS,0,0,0,1,[46],46,46,independent,,0,[],VIDEO_PROCESS_CODEBOOK_v1,1.0,2026-07-20T18:41:59.806726+00:00
Edgar,2025,ep_0018,18,TUNE,DRAG_SPLIT_ATTRIBUTE,0,0,0,1,[47],47,47,independent,,0,[],VIDEO_PROCESS_CODEBOOK_v1,1.0,2026-07-20T18:41:59.806726+00:00
Edgar,2025,ep_0019,19,EVALUATE,DRAG_SPLIT_ATTRIBUTE,0,0,0,1,[48],48,48,independent,,1,"[""V8C_ctr_in_place_edit""]",VIDEO_PROCESS_CODEBOOK_v1,1.0,2026-07-20T18:41:59.806726+00:00
Edgar,2025,ep_0020,20,TUNE,EMIT_TREE,0,0,0,1,[49],49,49,independent,,1,"[""V7A_no_metric_inspection""]",VIDEO_PROCESS_CODEBOOK_v1,1.0,2026-07-20T18:41:59.806726+00:00
Eliot,2025,ep_0000,0,EXPLORE,LOAD_DATASET,23706,23706,0,1,[0],0,0,independent,,0,[],VIDEO_PROCESS_CODEBOOK_v1,1.0,2026-07-20T18:41:59.839062+00:00
Eliot,2025,ep_0001,1,TUNE,EMIT_TREE,113935,1852647,1738712,12,"[1, 2, 3, 4, 5, 6, 7, 8, 9, 10, 11, 12]",1,12,independent,,0,[],VIDEO_PROCESS_CODEBOOK_v1,1.0,2026-07-20T18:41:59.839062+00:00
Eliot,2025,ep_0002,2,EXPLORE,SET_AXIS,2079284,2079284,0,1,[13],13,13,independent,,0,[],VIDEO_PROCESS_CODEBOOK_v1,1.0,2026-07-20T18:41:59.839062+00:00
Eliot,2025,ep_0003,3,TUNE,SET_AXIS,2002712,2002712,0,1,[14],14,14,independent,,1,"[""V1A_systematic_iteration""]",VIDEO_PROCESS_CODEBOOK_v1,1.0,2026-07-20T18:41:59.839062+00:00
Eliot,2025,ep_0004,4,EXPLORE,ASSIGN_LEAF_LABEL,2185504,2185504,0,1,[15],15,15,independent,,0,[],VIDEO_PROCESS_CODEBOOK_v1,1.0,2026-07-20T18:41:59.839062+00:00
Eliot,2025,ep_0005,5,TUNE,DRAG_SPLIT_ATTRIBUTE,2222867,2222867,0,1,[16],16,16,independent,,0,[],VIDEO_PROCESS_CODEBOOK_v1,1.0,2026-07-20T18:41:59.839062+00:00
Eliot,2025,ep_0006,6,EXPLORE,ASSIGN_LEAF_LABEL,2378011,2378011,0,1,[17],17,17,independent,,0,[],VIDEO_PROCESS_CODEBOOK_v1,1.0,2026-07-20T18:41:59.839062+00:00
Felicity,2025,ep_0000,0,EXPLORE,LOAD_DATASET,327902,327902,0,1,[0],0,0,independent,,2,"[""V1A_systematic_iteration"", ""V3B_disengagement_passivity""]",VIDEO_PROCESS_CODEBOOK_v1,1.0,2026-07-20T18:41:59.853416+00:00
Frank,2025,ep_0000,0,EXPLORE,SET_TARGET_ATTRIBUTE,99380,910399,811019,4,"[0, 1, 2, 3]",0,3,independent,,0,[],VIDEO_PROCESS_CODEBOOK_v1,1.0,2026-07-20T18:41:59.867499+00:00
Frank,2025,ep_0001,1,EVALUATE,EMIT_TREE,1669009,1669009,0,1,[4],4,4,instructor,,0,[],VIDEO_PROCESS_CODEBOOK_v1,1.0,2026-07-20T18:41:59.867499+00:00
Frank,2025,ep_0002,2,TUNE,EMIT_TREE,1602325,1602325,0,1,[5],5,5,instructor,,0,[],VIDEO_PROCESS_CODEBOOK_v1,1.0,2026-07-20T18:41:59.867499+00:00
Frank,2025,ep_0003,3,EVALUATE,EMIT_TREE,1602325,1602325,0,3,"[6, 7, 8]",6,8,instructor,,3,"[""V5B_dependent_execution"", ""V7A_no_metric_inspection"", ""V8C_ctr_in_place_edit""]",VIDEO_PROCESS_CODEBOOK_v1,1.0,2026-07-20T18:41:59.867499+00:00
Frank,2025,ep_0004,4,EXPLORE,SEEK_HELP_OR_DIALOGUE,,,,1,[9],9,9,instructor,,1,"[""V5B_dependent_execution""]",VIDEO_PROCESS_CODEBOOK_v1,1.0,2026-07-20T18:41:59.867499+00:00
Frank,2025,ep_0005,5,TUNE,EMIT_TREE,3388204,3388204,0,1,[10],10,10,independent,,1,"[""V7A_no_metric_inspection""]",VIDEO_PROCESS_CODEBOOK_v1,1.0,2026-07-20T18:41:59.867499+00:00
Frank,2025,ep_0006,6,EVALUATE,EMIT_TREE,2550785,2550785,0,1,[11],11,11,instructor,,2,"[""V5B_dependent_execution"", ""V8C_ctr_in_place_edit""]",VIDEO_PROCESS_CODEBOOK_v1,1.0,2026-07-20T18:41:59.867499+00:00
Frank,2025,ep_0007,7,TUNE,EMIT_TREE,2550785,2730907,180122,5,"[12, 13, 14, 15, 16]",12,16,instructor,,3,"[""V1A_systematic_iteration"", ""V5B_dependent_execution"", ""V7A_no_metric_inspection""]",VIDEO_PROCESS_CODEBOOK_v1,1.0,2026-07-20T18:41:59.867499+00:00
Frank,2025,ep_0008,8,EVALUATE,EMIT_TREE,3400919,3400919,0,1,[17],17,17,instructor,,0,[],VIDEO_PROCESS_CODEBOOK_v1,1.0,2026-07-20T18:41:59.867499+00:00
Frank,2025,ep_0009,9,TUNE,EMIT_TREE,3428170,3428170,0,1,[18],18,18,instructor,,3,"[""V1A_systematic_iteration"", ""V5B_dependent_execution"", ""V7A_no_metric_inspection""]",VIDEO_PROCESS_CODEBOOK_v1,1.0,2026-07-20T18:41:59.867499+00:00
Frank,2025,ep_0010,10,EVALUATE,EMIT_TREE,3552986,3552986,0,1,[19],19,19,independent,,3,"[""V1A_systematic_iteration"", ""V7A_no_metric_inspection"", ""V8C_ctr_in_place_edit""]",VIDEO_PROCESS_CODEBOOK_v1,1.0,2026-07-20T18:41:59.867499+00:00
Frank,2025,ep_0011,11,TUNE,EMIT_TREE,3511440,3590021,78581,2,"[20, 21]",20,21,independent,,2,"[""V1A_systematic_iteration"", ""V7A_no_metric_inspection""]",VIDEO_PROCESS_CODEBOOK_v1,1.0,2026-07-20T18:41:59.867499+00:00
Frank,2025,ep_0012,12,EVALUATE,INTERPRET_METRICS,3516150,3516150,0,1,[22],22,22,instructor,,1,"[""V5B_dependent_execution""]",VIDEO_PROCESS_CODEBOOK_v1,1.0,2026-07-20T18:41:59.867499+00:00
Frank,2025,ep_0013,13,EXPLORE,TRAIN_TEST_SPLIT,3516150,4600764,1084614,2,"[23, 24]",23,24,instructor,,1,"[""V5B_dependent_execution""]",VIDEO_PROCESS_CODEBOOK_v1,1.0,2026-07-20T18:41:59.867499+00:00
Henry,2025,ep_0000,0,EXPLORE,LOAD_DATASET,600607,600607,0,1,[0],0,0,independent,,0,[],VIDEO_PROCESS_CODEBOOK_v1,1.0,2026-07-20T18:41:59.902337+00:00
Henry,2025,ep_0001,1,TUNE,EMIT_TREE,16415,1277546,1261131,12,"[1, 2, 3, 4, 5, 6, 7, 8, 9, 10, 11, 12]",1,12,instructor,,0,[],VIDEO_PROCESS_CODEBOOK_v1,1.0,2026-07-20T18:41:59.902337+00:00
Henry,2025,ep_0002,2,EXPLORE,ASSIGN_LEAF_LABEL,225560,225560,0,1,[13],13,13,independent,,0,[],VIDEO_PROCESS_CODEBOOK_v1,1.0,2026-07-20T18:41:59.902337+00:00
Henry,2025,ep_0003,3,TUNE,EMIT_TREE,694468,694468,0,1,[14],14,14,independent,,0,[],VIDEO_PROCESS_CODEBOOK_v1,1.0,2026-07-20T18:41:59.902337+00:00
Henry,2025,ep_0004,4,EXPLORE,LOAD_DATASET,577429,577429,0,1,[15],15,15,instructor,,1,"[""V5B_dependent_execution""]",VIDEO_PROCESS_CODEBOOK_v1,1.0,2026-07-20T18:41:59.902337+00:00
Henry,2025,ep_0005,5,TUNE,SET_TARGET_ATTRIBUTE,577429,728823,151394,3,"[16, 17, 18]",16,18,independent,,1,"[""V1A_systematic_iteration""]",VIDEO_PROCESS_CODEBOOK_v1,1.0,2026-07-20T18:41:59.902337+00:00
Henry,2025,ep_0006,6,EXPLORE,LOAD_DATASET,577429,577429,0,1,[19],19,19,independent,,0,[],VIDEO_PROCESS_CODEBOOK_v1,1.0,2026-07-20T18:41:59.902337+00:00
Henry,2025,ep_0007,7,TUNE,SET_TARGET_ATTRIBUTE,623276,703970,80694,2,"[20, 21]",20,21,independent,,1,"[""V1A_systematic_iteration""]",VIDEO_PROCESS_CODEBOOK_v1,1.0,2026-07-20T18:41:59.902337+00:00
Henry,2025,ep_0008,8,EXPLORE,LOAD_DATASET,138145,138145,0,1,[22],22,22,independent,,0,[],VIDEO_PROCESS_CODEBOOK_v1,1.0,2026-07-20T18:41:59.902337+00:00
Henry,2025,ep_0009,9,TUNE,SET_TARGET_ATTRIBUTE,705123,792762,87639,2,"[23, 24]",23,24,independent,,1,"[""V1A_systematic_iteration""]",VIDEO_PROCESS_CODEBOOK_v1,1.0,2026-07-20T18:41:59.902337+00:00
Henry,2025,ep_0010,10,EXPLORE,LOAD_DATASET,701295,701295,0,1,[25],25,25,independent,,0,[],VIDEO_PROCESS_CODEBOOK_v1,1.0,2026-07-20T18:41:59.902337+00:00
Henry,2025,ep_0011,11,TUNE,SET_TARGET_ATTRIBUTE,745445,867384,121939,2,"[26, 27]",26,27,independent,,1,"[""V1A_systematic_iteration""]",VIDEO_PROCESS_CODEBOOK_v1,1.0,2026-07-20T18:41:59.902337+00:00
Henry,2025,ep_0012,12,EXPLORE,LOAD_DATASET,744150,744150,0,1,[28],28,28,independent,,0,[],VIDEO_PROCESS_CODEBOOK_v1,1.0,2026-07-20T18:41:59.902337+00:00
Henry,2025,ep_0013,13,TUNE,SET_TARGET_ATTRIBUTE,742329,792762,50433,2,"[29, 30]",29,30,independent,,1,"[""V1A_systematic_iteration""]",VIDEO_PROCESS_CODEBOOK_v1,1.0,2026-07-20T18:41:59.902337+00:00
Henry,2025,ep_0014,14,EXPLORE,LOAD_DATASET,807819,807819,0,1,[31],31,31,independent,,0,[],VIDEO_PROCESS_CODEBOOK_v1,1.0,2026-07-20T18:41:59.902337+00:00
Henry,2025,ep_0015,15,TUNE,SET_TARGET_ATTRIBUTE,792762,875870,83108,2,"[32, 33]",32,33,independent,,1,"[""V1A_systematic_iteration""]",VIDEO_PROCESS_CODEBOOK_v1,1.0,2026-07-20T18:41:59.902337+00:00
Henry,2025,ep_0016,16,EXPLORE,LOAD_DATASET,807819,807819,0,1,[34],34,34,independent,,0,[],VIDEO_PROCESS_CODEBOOK_v1,1.0,2026-07-20T18:41:59.902337+00:00
Henry,2025,ep_0017,17,TUNE,EMIT_TREE,901746,1325264,423518,13,"[35, 36, 37, 38, 39, 40, 41, 42, 43, 44, 45, 46, 47]",35,47,independent,,2,"[""V1A_systematic_iteration"", ""V7A_no_metric_inspection""]",VIDEO_PROCESS_CODEBOOK_v1,1.0,2026-07-20T18:41:59.902337+00:00
Mike,2025,ep_0000,0,EXPLORE,LOAD_DATASET,231640,508427,276787,11,"[0, 1, 2, 3, 4, 5, 6, 7, 8, 9, 10]",0,10,independent,,0,[],VIDEO_PROCESS_CODEBOOK_v1,1.0,2026-07-20T18:41:59.936289+00:00
Mike,2025,ep_0001,1,MISCONCEPTION,SET_TARGET_ATTRIBUTE,566856,566856,0,1,[11],11,11,independent,,0,[],VIDEO_PROCESS_CODEBOOK_v1,1.0,2026-07-20T18:41:59.936289+00:00
Mike,2025,ep_0002,2,TUNE,EMIT_TREE,628527,1028133,399606,12,"[12, 13, 14, 15, 16, 17, 18, 19, 20, 21, 22, 23]",12,23,independent,,1,"[""V7A_no_metric_inspection""]",VIDEO_PROCESS_CODEBOOK_v1,1.0,2026-07-20T18:41:59.936289+00:00
Mike,2025,ep_0003,3,EVALUATE,CREATE_GRAPH,1153884,1153884,0,2,"[24, 25]",24,25,instructor,,2,"[""V1A_systematic_iteration"", ""V5B_dependent_execution""]",VIDEO_PROCESS_CODEBOOK_v1,1.0,2026-07-20T18:41:59.936289+00:00
Mike,2025,ep_0004,4,TUNE,UPDATE_THRESHOLD,1296331,1397869,101538,4,"[26, 27, 28, 29]",26,29,independent,,1,"[""V1A_systematic_iteration""]",VIDEO_PROCESS_CODEBOOK_v1,1.0,2026-07-20T18:41:59.936289+00:00
Mike,2025,ep_0005,5,EXPLORE,CREATE_GRAPH,1509143,1509143,0,1,[30],30,30,independent,,0,[],VIDEO_PROCESS_CODEBOOK_v1,1.0,2026-07-20T18:41:59.936289+00:00
Mike,2025,ep_0006,6,TUNE,EMIT_TREE,1691085,1990609,299524,21,"[31, 32, 33, 34, 35, 36, 37, 38, 39, 40, 41, 42, 43, 44, 45, 46, 47, 48, 49, 50, 51]",31,51,independent,,1,"[""V7A_no_metric_inspection""]",VIDEO_PROCESS_CODEBOOK_v1,1.0,2026-07-20T18:41:59.936289+00:00
Mike,2025,ep_0007,7,EVALUATE,EMIT_TREE,1994082,1994082,0,1,[52],52,52,independent,,1,"[""V7A_no_metric_inspection""]",VIDEO_PROCESS_CODEBOOK_v1,1.0,2026-07-20T18:41:59.936289+00:00
Mike,2025,ep_0008,8,TUNE,EMIT_TREE,1914634,2291695,377061,4,"[53, 54, 55, 56]",53,56,peer,,3,"[""V1A_systematic_iteration"", ""V5B_dependent_execution"", ""V7A_no_metric_inspection""]",VIDEO_PROCESS_CODEBOOK_v1,1.0,2026-07-20T18:41:59.936289+00:00
Mike,2025,ep_0009,9,EXPLORE,ASSIGN_LEAF_LABEL,1835733,1835733,0,1,[57],57,57,independent,,0,[],VIDEO_PROCESS_CODEBOOK_v1,1.0,2026-07-20T18:41:59.936289+00:00
Mike,2025,ep_0010,10,TUNE,EMIT_TREE,1837806,1837806,0,1,[58],58,58,independent,,0,[],VIDEO_PROCESS_CODEBOOK_v1,1.0,2026-07-20T18:41:59.936289+00:00
Mike,2025,ep_0011,11,EVALUATE,INTERPRET_METRICS,,,,1,[59],59,59,instructor,,0,[],VIDEO_PROCESS_CODEBOOK_v1,1.0,2026-07-20T18:41:59.936289+00:00
Mike,2025,ep_0012,12,MISCONCEPTION,INTERPRET_METRICS,1884703,1884703,0,1,[60],60,60,independent,,1,"[""V2A_hesitation_disorientation""]",VIDEO_PROCESS_CODEBOOK_v1,1.0,2026-07-20T18:41:59.936289+00:00
Mike,2025,ep_0013,13,EXPLORE,,,,,1,[61],61,61,independent,,0,[],VIDEO_PROCESS_CODEBOOK_v1,1.0,2026-07-20T18:41:59.936289+00:00
Ozzy,2025,ep_0000,0,EXPLORE,OPEN_ARBOR,113306,145183,31877,4,"[0, 1, 2, 3]",0,3,instructor,,0,[],VIDEO_PROCESS_CODEBOOK_v1,1.0,2026-07-20T18:41:59.963224+00:00
Ozzy,2025,ep_0001,1,TUNE,EMIT_TREE,577484,1490375,912891,13,"[4, 5, 6, 7, 8, 9, 10, 11, 12, 13, 14, 15, 16]",4,16,instructor,,0,[],VIDEO_PROCESS_CODEBOOK_v1,1.0,2026-07-20T18:41:59.963224+00:00
Ozzy,2025,ep_0002,2,EVALUATE,INTERPRET_METRICS,1909501,1909501,0,1,[17],17,17,instructor,,1,"[""V5B_dependent_execution""]",VIDEO_PROCESS_CODEBOOK_v1,1.0,2026-07-20T18:41:59.963224+00:00
Ozzy,2025,ep_0003,3,MISCONCEPTION,SEEK_HELP_OR_DIALOGUE,1914136,1914136,0,1,[18],18,18,instructor,,2,"[""V1A_systematic_iteration"", ""V5B_dependent_execution""]",VIDEO_PROCESS_CODEBOOK_v1,1.0,2026-07-20T18:41:59.963224+00:00
Ozzy,2025,ep_0004,4,EXPLORE,SET_AXIS,2081931,2081931,0,1,[19],19,19,instructor,,1,"[""V5B_dependent_execution""]",VIDEO_PROCESS_CODEBOOK_v1,1.0,2026-07-20T18:41:59.963224+00:00
Ozzy,2025,ep_0005,5,TUNE,EMIT_TREE,2010565,2606748,596183,4,"[20, 21, 22, 23]",20,23,instructor,,2,"[""V5B_dependent_execution"", ""V7A_no_metric_inspection""]",VIDEO_PROCESS_CODEBOOK_v1,1.0,2026-07-20T18:41:59.963224+00:00
Sabrina,2025,ep_0000,0,EXPLORE,SET_TARGET_ATTRIBUTE,83378,860320,776942,7,"[0, 1, 2, 3, 4, 5, 6]",0,6,independent,,1,"[""V3B_disengagement_passivity""]",VIDEO_PROCESS_CODEBOOK_v1,1.0,2026-07-20T18:41:59.982027+00:00
Sabrina,2025,ep_0001,1,TUNE,SET_AXIS,777675,910385,132710,3,"[7, 8, 9]",7,9,independent,,1,"[""V1A_systematic_iteration""]",VIDEO_PROCESS_CODEBOOK_v1,1.0,2026-07-20T18:41:59.982027+00:00
Sabrina,2025,ep_0002,2,EXPLORE,SET_AXIS,887518,1108623,221105,2,"[10, 11]",10,11,independent,,0,[],VIDEO_PROCESS_CODEBOOK_v1,1.0,2026-07-20T18:41:59.982027+00:00
Sabrina,2025,ep_0003,3,TUNE,EMIT_TREE,1442755,1450722,7967,2,"[12, 13]",12,13,independent,,0,[],VIDEO_PROCESS_CODEBOOK_v1,1.0,2026-07-20T18:41:59.982027+00:00
Sabrina,2025,ep_0004,4,EVALUATE,DRAG_SPLIT_ATTRIBUTE,1595080,1595080,0,1,[14],14,14,independent,,0,[],VIDEO_PROCESS_CODEBOOK_v1,1.0,2026-07-20T18:41:59.982027+00:00
Sabrina,2025,ep_0005,5,TUNE,EMIT_TREE,1555583,1743022,187439,3,"[15, 16, 17]",15,17,independent,,0,[],VIDEO_PROCESS_CODEBOOK_v1,1.0,2026-07-20T18:41:59.982027+00:00
Sabrina,2025,ep_0006,6,EVALUATE,EMIT_TREE,1777403,1777403,0,1,[18],18,18,independent,,2,"[""V1A_systematic_iteration"", ""V7A_no_metric_inspection""]",VIDEO_PROCESS_CODEBOOK_v1,1.0,2026-07-20T18:41:59.982027+00:00
Sabrina,2025,ep_0007,7,TUNE,EMIT_TREE,1777403,1957128,179725,3,"[19, 20, 21]",19,21,independent,,2,"[""V1A_systematic_iteration"", ""V7A_no_metric_inspection""]",VIDEO_PROCESS_CODEBOOK_v1,1.0,2026-07-20T18:41:59.982027+00:00
Sabrina,2025,ep_0008,8,EVALUATE,EMIT_TREE,2334423,2442802,108379,2,"[22, 23]",22,23,independent,,2,"[""V1A_systematic_iteration"", ""V7A_no_metric_inspection""]",VIDEO_PROCESS_CODEBOOK_v1,1.0,2026-07-20T18:41:59.982027+00:00
Sabrina,2025,ep_0009,9,TUNE,EMIT_TREE,2527480,4120710,1593230,6,"[24, 25, 26, 27, 28, 29]",24,29,independent,,2,"[""V1A_systematic_iteration"", ""V7A_no_metric_inspection""]",VIDEO_PROCESS_CODEBOOK_v1,1.0,2026-07-20T18:41:59.982027+00:00
Sabrina,2025,ep_0010,10,EVALUATE,SELECT_CTR_ROW,,,,1,[30],30,30,independent,,0,[],VIDEO_PROCESS_CODEBOOK_v1,1.0,2026-07-20T18:41:59.982027+00:00
Zabby,2025,ep_0000,0,EXPLORE,LOAD_DATASET,91269,404150,312881,3,"[0, 1, 2]",0,2,independent,,0,[],VIDEO_PROCESS_CODEBOOK_v1,1.0,2026-07-20T18:42:00.012928+00:00
Zabby,2025,ep_0001,1,TUNE,SET_TARGET_ATTRIBUTE,654519,1150978,496459,10,"[3, 4, 5, 6, 7, 8, 9, 10, 11, 12]",3,12,instructor,,2,"[""V1A_systematic_iteration"", ""V5B_dependent_execution""]",VIDEO_PROCESS_CODEBOOK_v1,1.0,2026-07-20T18:42:00.012928+00:00
Zabby,2025,ep_0002,2,EXPLORE,SET_AXIS,1111500,1150978,39478,2,"[13, 14]",13,14,instructor,,1,"[""V5B_dependent_execution""]",VIDEO_PROCESS_CODEBOOK_v1,1.0,2026-07-20T18:42:00.012928+00:00
Zabby,2025,ep_0003,3,TUNE,UPDATE_MOVABLE_VALUE,1007046,1007046,0,1,[15],15,15,independent,,1,"[""V1A_systematic_iteration""]",VIDEO_PROCESS_CODEBOOK_v1,1.0,2026-07-20T18:42:00.012928+00:00
Zabby,2025,ep_0004,4,EXPLORE,SET_AXIS,1071794,1071794,0,1,[16],16,16,independent,,0,[],VIDEO_PROCESS_CODEBOOK_v1,1.0,2026-07-20T18:42:00.012928+00:00
Zabby,2025,ep_0005,5,TUNE,UPDATE_MOVABLE_VALUE,1150978,1150978,0,4,"[17, 18, 19, 20]",17,20,independent,,1,"[""V1A_systematic_iteration""]",VIDEO_PROCESS_CODEBOOK_v1,1.0,2026-07-20T18:42:00.012928+00:00
Zabby,2025,ep_0006,6,EXPLORE,SET_AXIS,1150978,1150978,0,2,"[21, 22]",21,22,independent,,0,[],VIDEO_PROCESS_CODEBOOK_v1,1.0,2026-07-20T18:42:00.012928+00:00
Zabby,2025,ep_0007,7,TUNE,EMIT_TREE,358529,542338,183809,4,"[23, 24, 25, 26]",23,26,instructor,,0,[],VIDEO_PROCESS_CODEBOOK_v1,1.0,2026-07-20T18:42:00.012928+00:00
Zabby,2025,ep_0008,8,EVALUATE,UPDATE_MOVABLE_VALUE,362511,362511,0,1,[27],27,27,instructor,,0,[],VIDEO_PROCESS_CODEBOOK_v1,1.0,2026-07-20T18:42:00.012928+00:00
Zabby,2025,ep_0009,9,TUNE,SEEK_HELP_OR_DIALOGUE,549714,549714,0,1,[28],28,28,instructor,,1,"[""V5B_dependent_execution""]",VIDEO_PROCESS_CODEBOOK_v1,1.0,2026-07-20T18:42:00.012928+00:00
Zabby,2025,ep_0010,10,EXPLORE,CREATE_GRAPH,558454,633175,74721,3,"[29, 30, 31]",29,31,independent,,0,[],VIDEO_PROCESS_CODEBOOK_v1,1.0,2026-07-20T18:42:00.012928+00:00
Zabby,2025,ep_0011,11,TUNE,UPDATE_MOVABLE_VALUE,542338,558454,16116,6,"[32, 33, 34, 35, 36, 37]",32,37,independent,,1,"[""V1A_systematic_iteration""]",VIDEO_PROCESS_CODEBOOK_v1,1.0,2026-07-20T18:42:00.012928+00:00
Zabby,2025,ep_0012,12,EXPLORE,SET_AXIS,754068,759819,5751,2,"[38, 39]",38,39,independent,,0,[],VIDEO_PROCESS_CODEBOOK_v1,1.0,2026-07-20T18:42:00.012928+00:00
Zabby,2025,ep_0013,13,TUNE,UPDATE_MOVABLE_VALUE,559476,778297,218821,3,"[40, 41, 42]",40,42,independent,,1,"[""V1A_systematic_iteration""]",VIDEO_PROCESS_CODEBOOK_v1,1.0,2026-07-20T18:42:00.012928+00:00
Zabby,2025,ep_0014,14,EXPLORE,SET_AXIS,758648,758648,0,1,[43],43,43,independent,,0,[],VIDEO_PROCESS_CODEBOOK_v1,1.0,2026-07-20T18:42:00.012928+00:00
Zabby,2025,ep_0015,15,TUNE,UPDATE_MOVABLE_VALUE,758648,809844,51196,3,"[44, 45, 46]",44,46,independent,,1,"[""V1A_systematic_iteration""]",VIDEO_PROCESS_CODEBOOK_v1,1.0,2026-07-20T18:42:00.012928+00:00
Zabby,2025,ep_0016,16,MISCONCEPTION,EMIT_TREE,759819,759819,0,1,[47],47,47,instructor,,2,"[""V5B_dependent_execution"", ""V8C_ctr_in_place_edit""]",VIDEO_PROCESS_CODEBOOK_v1,1.0,2026-07-20T18:42:00.012928+00:00
Zabby,2025,ep_0017,17,TUNE,UPDATE_MOVABLE_VALUE,821836,821836,0,1,[48],48,48,independent,,1,"[""V1A_systematic_iteration""]",VIDEO_PROCESS_CODEBOOK_v1,1.0,2026-07-20T18:42:00.012928+00:00
Zabby,2025,ep_0018,18,EVALUATE,UPDATE_THRESHOLD,806641,806641,0,1,[49],49,49,independent,,1,"[""V1A_systematic_iteration""]",VIDEO_PROCESS_CODEBOOK_v1,1.0,2026-07-20T18:42:00.012928+00:00
Zabby,2025,ep_0019,19,EXPLORE,SET_AXIS,857662,857662,0,1,[50],50,50,instructor,,1,"[""V5B_dependent_execution""]",VIDEO_PROCESS_CODEBOOK_v1,1.0,2026-07-20T18:42:00.012928+00:00
Zabby,2025,ep_0020,20,TUNE,EMIT_TREE,819189,819189,0,1,[51],51,51,instructor,,2,"[""V1A_systematic_iteration"", ""V5B_dependent_execution""]",VIDEO_PROCESS_CODEBOOK_v1,1.0,2026-07-20T18:42:00.012928+00:00
Zabby,2025,ep_0021,21,EXPLORE,SET_AXIS,857662,857662,0,1,[52],52,52,independent,,0,[],VIDEO_PROCESS_CODEBOOK_v1,1.0,2026-07-20T18:42:00.012928+00:00
Zabby,2025,ep_0022,22,TUNE,EMIT_TREE,809844,1074266,264422,15,"[53, 54, 55, 56, 57, 58, 59, 60, 61, 62, 63, 64, 65, 66, 67]",53,67,independent,,2,"[""V1A_systematic_iteration"", ""V7A_no_metric_inspection""]",VIDEO_PROCESS_CODEBOOK_v1,1.0,2026-07-20T18:42:00.012928+00:00
