student_id,cohort_year,episode_count,codes_observed,codes_not_observed,codes_not_measurable,rubric_gap_ids,codebook_id,schema_version,source_generated_at,interpretation_rule,systematic_iteration_present,chaotic_iteration_present,hesitation_episode_present,interface_cycling_present,sustained_engagement_present,disengagement_present,productive_recovery_present,dead_end_loop_present,productive_help_seeking_present,dependent_execution_present,mcr_zero_targeting_present,label_inversion_present,metric_scope_awareness_present,metric_inspection_absent_after_emit,graph_reading_absent,comparison_absent_despite_opportunity,multi_instance_strategy_present,table_sort_threshold_present,ctr_in_place_edit_present,import_failure_recovery_present
Ally,2025,14,"[""V1A_systematic_iteration"", ""V5B_dependent_execution"", ""V7A_no_metric_inspection""]","[""V1B_chaotic_iteration"", ""V2A_hesitation_disorientation"", ""V2B_interface_cycling"", ""V3A_sustained_engagement"", ""V3B_disengagement_passivity"", ""V4A_productive_recovery"", ""V4B_dead_end_loop"", ""V5A_productive_help_seeking"", ""V6A_mcr_zero_targeting"", ""V6B_label_inversion"", ""V6C_metric_scope_awareness"", ""V7B_no_graph_reading"", ""V7C_no_comparison_despite_opportunity"", ""V8A_multi_instance_benchmarking"", ""V8B_table_sort_threshold"", ""V8C_ctr_in_place_edit"", ""V8D_import_failure_recovery""]",[],[],VIDEO_PROCESS_CODEBOOK_v1,1.0,2026-07-20T18:41:59.564241+00:00,Episode-level V-codes support process interpretation and ML feature engineering. They are not proficiency scores. Heuristic decisions from expert narrative require human adjudication.,True,False,False,False,False,False,False,False,False,True,False,False,False,True,False,False,False,False,False,False
Barbara,2025,10,"[""V1A_systematic_iteration"", ""V5B_dependent_execution"", ""V7A_no_metric_inspection""]","[""V1B_chaotic_iteration"", ""V2A_hesitation_disorientation"", ""V2B_interface_cycling"", ""V3A_sustained_engagement"", ""V3B_disengagement_passivity"", ""V4A_productive_recovery"", ""V4B_dead_end_loop"", ""V5A_productive_help_seeking"", ""V6A_mcr_zero_targeting"", ""V6B_label_inversion"", ""V6C_metric_scope_awareness"", ""V7B_no_graph_reading"", ""V7C_no_comparison_despite_opportunity"", ""V8A_multi_instance_benchmarking"", ""V8B_table_sort_threshold"", ""V8C_ctr_in_place_edit"", ""V8D_import_failure_recovery""]",[],[],VIDEO_PROCESS_CODEBOOK_v1,1.0,2026-07-20T18:41:59.602095+00:00,Episode-level V-codes support process interpretation and ML feature engineering. They are not proficiency scores. Heuristic decisions from expert narrative require human adjudication.,True,False,False,False,False,False,False,False,False,True,False,False,False,True,False,False,False,False,False,False
Bob,2025,2,[],"[""V1A_systematic_iteration"", ""V1B_chaotic_iteration"", ""V2A_hesitation_disorientation"", ""V2B_interface_cycling"", ""V3A_sustained_engagement"", ""V3B_disengagement_passivity"", ""V4A_productive_recovery"", ""V4B_dead_end_loop"", ""V5A_productive_help_seeking"", ""V5B_dependent_execution"", ""V6A_mcr_zero_targeting"", ""V6B_label_inversion"", ""V6C_metric_scope_awareness"", ""V7A_no_metric_inspection"", ""V7B_no_graph_reading"", ""V7C_no_comparison_despite_opportunity"", ""V8A_multi_instance_benchmarking"", ""V8B_table_sort_threshold"", ""V8C_ctr_in_place_edit"", ""V8D_import_failure_recovery""]",[],[],VIDEO_PROCESS_CODEBOOK_v1,1.0,2026-07-20T18:41:59.619004+00:00,Episode-level V-codes support process interpretation and ML feature engineering. They are not proficiency scores. Heuristic decisions from expert narrative require human adjudication.,False,False,False,False,False,False,False,False,False,False,False,False,False,False,False,False,False,False,False,False
Boris,2025,23,"[""V1A_systematic_iteration"", ""V5B_dependent_execution"", ""V7A_no_metric_inspection"", ""V8C_ctr_in_place_edit""]","[""V1B_chaotic_iteration"", ""V2A_hesitation_disorientation"", ""V2B_interface_cycling"", ""V3A_sustained_engagement"", ""V3B_disengagement_passivity"", ""V4A_productive_recovery"", ""V4B_dead_end_loop"", ""V5A_productive_help_seeking"", ""V6A_mcr_zero_targeting"", ""V6B_label_inversion"", ""V6C_metric_scope_awareness"", ""V7B_no_graph_reading"", ""V7C_no_comparison_despite_opportunity"", ""V8A_multi_instance_benchmarking"", ""V8B_table_sort_threshold"", ""V8D_import_failure_recovery""]",[],[],VIDEO_PROCESS_CODEBOOK_v1,1.0,2026-07-20T18:41:59.635988+00:00,Episode-level V-codes support process interpretation and ML feature engineering. They are not proficiency scores. Heuristic decisions from expert narrative require human adjudication.,True,False,False,False,False,False,False,False,False,True,False,False,False,True,False,False,False,False,True,False
Calvin,2025,11,"[""V1A_systematic_iteration"", ""V5B_dependent_execution"", ""V7A_no_metric_inspection"", ""V8C_ctr_in_place_edit""]","[""V1B_chaotic_iteration"", ""V2A_hesitation_disorientation"", ""V2B_interface_cycling"", ""V3A_sustained_engagement"", ""V3B_disengagement_passivity"", ""V4A_productive_recovery"", ""V4B_dead_end_loop"", ""V5A_productive_help_seeking"", ""V6A_mcr_zero_targeting"", ""V6B_label_inversion"", ""V6C_metric_scope_awareness"", ""V7B_no_graph_reading"", ""V7C_no_comparison_despite_opportunity"", ""V8A_multi_instance_benchmarking"", ""V8B_table_sort_threshold"", ""V8D_import_failure_recovery""]",[],"[""GAP-R08""]",VIDEO_PROCESS_CODEBOOK_v1,1.0,2026-07-20T18:41:59.682408+00:00,Episode-level V-codes support process interpretation and ML feature engineering. They are not proficiency scores. Heuristic decisions from expert narrative require human adjudication.,True,False,False,False,False,False,False,False,False,True,False,False,False,True,False,False,False,False,True,False
Daisy,2025,8,"[""V1A_systematic_iteration"", ""V3B_disengagement_passivity"", ""V7A_no_metric_inspection"", ""V8B_table_sort_threshold""]","[""V1B_chaotic_iteration"", ""V2A_hesitation_disorientation"", ""V2B_interface_cycling"", ""V3A_sustained_engagement"", ""V4A_productive_recovery"", ""V4B_dead_end_loop"", ""V5A_productive_help_seeking"", ""V5B_dependent_execution"", ""V6A_mcr_zero_targeting"", ""V6B_label_inversion"", ""V6C_metric_scope_awareness"", ""V7B_no_graph_reading"", ""V7C_no_comparison_despite_opportunity"", ""V8A_multi_instance_benchmarking"", ""V8C_ctr_in_place_edit"", ""V8D_import_failure_recovery""]",[],"[""GAP-R02""]",VIDEO_PROCESS_CODEBOOK_v1,1.0,2026-07-20T18:41:59.727838+00:00,Episode-level V-codes support process interpretation and ML feature engineering. They are not proficiency scores. Heuristic decisions from expert narrative require human adjudication.,True,False,False,False,False,True,False,False,False,False,False,False,False,True,False,False,False,True,False,False
Daryl,2025,10,"[""V1A_systematic_iteration"", ""V7A_no_metric_inspection""]","[""V1B_chaotic_iteration"", ""V2A_hesitation_disorientation"", ""V2B_interface_cycling"", ""V3A_sustained_engagement"", ""V3B_disengagement_passivity"", ""V4A_productive_recovery"", ""V4B_dead_end_loop"", ""V5A_productive_help_seeking"", ""V5B_dependent_execution"", ""V6A_mcr_zero_targeting"", ""V6B_label_inversion"", ""V6C_metric_scope_awareness"", ""V7B_no_graph_reading"", ""V7C_no_comparison_despite_opportunity"", ""V8A_multi_instance_benchmarking"", ""V8B_table_sort_threshold"", ""V8C_ctr_in_place_edit"", ""V8D_import_failure_recovery""]",[],[],VIDEO_PROCESS_CODEBOOK_v1,1.0,2026-07-20T18:41:59.747622+00:00,Episode-level V-codes support process interpretation and ML feature engineering. They are not proficiency scores. Heuristic decisions from expert narrative require human adjudication.,True,False,False,False,False,False,False,False,False,False,False,False,False,True,False,False,False,False,False,False
David,2025,18,"[""V1A_systematic_iteration"", ""V2A_hesitation_disorientation"", ""V4A_productive_recovery"", ""V5B_dependent_execution"", ""V6C_metric_scope_awareness"", ""V7A_no_metric_inspection"", ""V8C_ctr_in_place_edit""]","[""V1B_chaotic_iteration"", ""V2B_interface_cycling"", ""V3A_sustained_engagement"", ""V3B_disengagement_passivity"", ""V4B_dead_end_loop"", ""V5A_productive_help_seeking"", ""V6A_mcr_zero_targeting"", ""V6B_label_inversion"", ""V7B_no_graph_reading"", ""V7C_no_comparison_despite_opportunity"", ""V8A_multi_instance_benchmarking"", ""V8B_table_sort_threshold"", ""V8D_import_failure_recovery""]",[],"[""GAP-R05"", ""GAP-R06"", ""GAP-R08""]",VIDEO_PROCESS_CODEBOOK_v1,1.0,2026-07-20T18:41:59.772388+00:00,Episode-level V-codes support process interpretation and ML feature engineering. They are not proficiency scores. Heuristic decisions from expert narrative require human adjudication.,True,False,True,False,False,False,True,False,False,True,False,False,True,True,False,False,False,False,True,False
Edgar,2025,21,"[""V1A_systematic_iteration"", ""V2A_hesitation_disorientation"", ""V3B_disengagement_passivity"", ""V4A_productive_recovery"", ""V5B_dependent_execution"", ""V7A_no_metric_inspection"", ""V8C_ctr_in_place_edit"", ""V8D_import_failure_recovery""]","[""V1B_chaotic_iteration"", ""V2B_interface_cycling"", ""V3A_sustained_engagement"", ""V4B_dead_end_loop"", ""V5A_productive_help_seeking"", ""V6A_mcr_zero_targeting"", ""V6B_label_inversion"", ""V6C_metric_scope_awareness"", ""V7B_no_graph_reading"", ""V7C_no_comparison_despite_opportunity"", ""V8A_multi_instance_benchmarking"", ""V8B_table_sort_threshold""]",[],"[""GAP-R04""]",VIDEO_PROCESS_CODEBOOK_v1,1.0,2026-07-20T18:41:59.806726+00:00,Episode-level V-codes support process interpretation and ML feature engineering. They are not proficiency scores. Heuristic decisions from expert narrative require human adjudication.,True,False,True,False,False,True,True,False,False,True,False,False,False,True,False,False,False,False,True,True
Eliot,2025,7,"[""V1A_systematic_iteration""]","[""V1B_chaotic_iteration"", ""V2A_hesitation_disorientation"", ""V2B_interface_cycling"", ""V3A_sustained_engagement"", ""V3B_disengagement_passivity"", ""V4A_productive_recovery"", ""V4B_dead_end_loop"", ""V5A_productive_help_seeking"", ""V5B_dependent_execution"", ""V6A_mcr_zero_targeting"", ""V6B_label_inversion"", ""V6C_metric_scope_awareness"", ""V7A_no_metric_inspection"", ""V7B_no_graph_reading"", ""V7C_no_comparison_despite_opportunity"", ""V8A_multi_instance_benchmarking"", ""V8B_table_sort_threshold"", ""V8C_ctr_in_place_edit"", ""V8D_import_failure_recovery""]",[],"[""GAP-R03""]",VIDEO_PROCESS_CODEBOOK_v1,1.0,2026-07-20T18:41:59.839062+00:00,Episode-level V-codes support process interpretation and ML feature engineering. They are not proficiency scores. Heuristic decisions from expert narrative require human adjudication.,True,False,False,False,False,False,False,False,False,False,False,False,False,False,False,False,False,False,False,False
Felicity,2025,1,"[""V1A_systematic_iteration"", ""V3B_disengagement_passivity""]","[""V1B_chaotic_iteration"", ""V2A_hesitation_disorientation"", ""V2B_interface_cycling"", ""V3A_sustained_engagement"", ""V4A_productive_recovery"", ""V4B_dead_end_loop"", ""V5A_productive_help_seeking"", ""V5B_dependent_execution"", ""V6A_mcr_zero_targeting"", ""V6B_label_inversion"", ""V6C_metric_scope_awareness"", ""V7A_no_metric_inspection"", ""V7B_no_graph_reading"", ""V7C_no_comparison_despite_opportunity"", ""V8A_multi_instance_benchmarking"", ""V8B_table_sort_threshold"", ""V8C_ctr_in_place_edit"", ""V8D_import_failure_recovery""]",[],[],VIDEO_PROCESS_CODEBOOK_v1,1.0,2026-07-20T18:41:59.853416+00:00,Episode-level V-codes support process interpretation and ML feature engineering. They are not proficiency scores. Heuristic decisions from expert narrative require human adjudication.,True,False,False,False,False,True,False,False,False,False,False,False,False,False,False,False,False,False,False,False
Frank,2025,14,"[""V1A_systematic_iteration"", ""V5B_dependent_execution"", ""V7A_no_metric_inspection"", ""V8C_ctr_in_place_edit""]","[""V1B_chaotic_iteration"", ""V2A_hesitation_disorientation"", ""V2B_interface_cycling"", ""V3A_sustained_engagement"", ""V3B_disengagement_passivity"", ""V4A_productive_recovery"", ""V4B_dead_end_loop"", ""V5A_productive_help_seeking"", ""V6A_mcr_zero_targeting"", ""V6B_label_inversion"", ""V6C_metric_scope_awareness"", ""V7B_no_graph_reading"", ""V7C_no_comparison_despite_opportunity"", ""V8A_multi_instance_benchmarking"", ""V8B_table_sort_threshold"", ""V8D_import_failure_recovery""]",[],[],VIDEO_PROCESS_CODEBOOK_v1,1.0,2026-07-20T18:41:59.867499+00:00,Episode-level V-codes support process interpretation and ML feature engineering. They are not proficiency scores. Heuristic decisions from expert narrative require human adjudication.,True,False,False,False,False,False,False,False,False,True,False,False,False,True,False,False,False,False,True,False
Henry,2025,18,"[""V1A_systematic_iteration"", ""V5B_dependent_execution"", ""V7A_no_metric_inspection""]","[""V1B_chaotic_iteration"", ""V2A_hesitation_disorientation"", ""V2B_interface_cycling"", ""V3A_sustained_engagement"", ""V3B_disengagement_passivity"", ""V4A_productive_recovery"", ""V4B_dead_end_loop"", ""V5A_productive_help_seeking"", ""V6A_mcr_zero_targeting"", ""V6B_label_inversion"", ""V6C_metric_scope_awareness"", ""V7B_no_graph_reading"", ""V7C_no_comparison_despite_opportunity"", ""V8A_multi_instance_benchmarking"", ""V8B_table_sort_threshold"", ""V8C_ctr_in_place_edit"", ""V8D_import_failure_recovery""]",[],"[""GAP-R01"", ""GAP-R07""]",VIDEO_PROCESS_CODEBOOK_v1,1.0,2026-07-20T18:41:59.902337+00:00,Episode-level V-codes support process interpretation and ML feature engineering. They are not proficiency scores. Heuristic decisions from expert narrative require human adjudication.,True,False,False,False,False,False,False,False,False,True,False,False,False,True,False,False,False,False,False,False
Mike,2025,14,"[""V1A_systematic_iteration"", ""V2A_hesitation_disorientation"", ""V5B_dependent_execution"", ""V7A_no_metric_inspection""]","[""V1B_chaotic_iteration"", ""V2B_interface_cycling"", ""V3A_sustained_engagement"", ""V3B_disengagement_passivity"", ""V4A_productive_recovery"", ""V4B_dead_end_loop"", ""V5A_productive_help_seeking"", ""V6A_mcr_zero_targeting"", ""V6B_label_inversion"", ""V6C_metric_scope_awareness"", ""V7B_no_graph_reading"", ""V7C_no_comparison_despite_opportunity"", ""V8A_multi_instance_benchmarking"", ""V8B_table_sort_threshold"", ""V8C_ctr_in_place_edit"", ""V8D_import_failure_recovery""]",[],"[""GAP-R03"", ""GAP-R05"", ""GAP-R06""]",VIDEO_PROCESS_CODEBOOK_v1,1.0,2026-07-20T18:41:59.936289+00:00,Episode-level V-codes support process interpretation and ML feature engineering. They are not proficiency scores. Heuristic decisions from expert narrative require human adjudication.,True,False,True,False,False,False,False,False,False,True,False,False,False,True,False,False,False,False,False,False
Ozzy,2025,6,"[""V1A_systematic_iteration"", ""V5B_dependent_execution"", ""V7A_no_metric_inspection""]","[""V1B_chaotic_iteration"", ""V2A_hesitation_disorientation"", ""V2B_interface_cycling"", ""V3A_sustained_engagement"", ""V3B_disengagement_passivity"", ""V4A_productive_recovery"", ""V4B_dead_end_loop"", ""V5A_productive_help_seeking"", ""V6A_mcr_zero_targeting"", ""V6B_label_inversion"", ""V6C_metric_scope_awareness"", ""V7B_no_graph_reading"", ""V7C_no_comparison_despite_opportunity"", ""V8A_multi_instance_benchmarking"", ""V8B_table_sort_threshold"", ""V8C_ctr_in_place_edit"", ""V8D_import_failure_recovery""]",[],"[""GAP-R07""]",VIDEO_PROCESS_CODEBOOK_v1,1.0,2026-07-20T18:41:59.963224+00:00,Episode-level V-codes support process interpretation and ML feature engineering. They are not proficiency scores. Heuristic decisions from expert narrative require human adjudication.,True,False,False,False,False,False,False,False,False,True,False,False,False,True,False,False,False,False,False,False
Sabrina,2025,11,"[""V1A_systematic_iteration"", ""V3B_disengagement_passivity"", ""V7A_no_metric_inspection""]","[""V1B_chaotic_iteration"", ""V2A_hesitation_disorientation"", ""V2B_interface_cycling"", ""V3A_sustained_engagement"", ""V4A_productive_recovery"", ""V4B_dead_end_loop"", ""V5A_productive_help_seeking"", ""V5B_dependent_execution"", ""V6A_mcr_zero_targeting"", ""V6B_label_inversion"", ""V6C_metric_scope_awareness"", ""V7B_no_graph_reading"", ""V7C_no_comparison_despite_opportunity"", ""V8A_multi_instance_benchmarking"", ""V8B_table_sort_threshold"", ""V8C_ctr_in_place_edit"", ""V8D_import_failure_recovery""]",[],[],VIDEO_PROCESS_CODEBOOK_v1,1.0,2026-07-20T18:41:59.982027+00:00,Episode-level V-codes support process interpretation and ML feature engineering. They are not proficiency scores. Heuristic decisions from expert narrative require human adjudication.,True,False,False,False,False,True,False,False,False,False,False,False,False,True,False,False,False,False,False,False
Zabby,2025,23,"[""V1A_systematic_iteration"", ""V5B_dependent_execution"", ""V7A_no_metric_inspection"", ""V8C_ctr_in_place_edit""]","[""V1B_chaotic_iteration"", ""V2A_hesitation_disorientation"", ""V2B_interface_cycling"", ""V3A_sustained_engagement"", ""V3B_disengagement_passivity"", ""V4A_productive_recovery"", ""V4B_dead_end_loop"", ""V5A_productive_help_seeking"", ""V6A_mcr_zero_targeting"", ""V6B_label_inversion"", ""V6C_metric_scope_awareness"", ""V7B_no_graph_reading"", ""V7C_no_comparison_despite_opportunity"", ""V8A_multi_instance_benchmarking"", ""V8B_table_sort_threshold"", ""V8D_import_failure_recovery""]",[],[],VIDEO_PROCESS_CODEBOOK_v1,1.0,2026-07-20T18:42:00.012928+00:00,Episode-level V-codes support process interpretation and ML feature engineering. They are not proficiency scores. Heuristic decisions from expert narrative require human adjudication.,True,False,False,False,False,False,False,False,False,True,False,False,False,True,False,False,False,False,True,False
